Type,VCL,VSL,VAP,LIN,STR,WOB,ALH,BCF,Mouse,Group
99,1.99,0.95,0.95,0.48,1,0.48,0.54,1.46,HUMAN_S01,subfertile
99,1.61,0.06,0.06,0.038,1,0.038,0,0.37,HUMAN_S01,subfertile
99,22.78,7.41,13.55,0.325,0.547,0.595,1.37,9.91,HUMAN_S01,subfertile
99,2.25,0.45,0.45,0.2,1,0.2,0.52,1.31,HUMAN_S01,subfertile
99,24.93,10.17,20.45,0.408,0.497,0.82,1.39,10.23,HUMAN_S01,subfertile
99,23.19,8.15,8.66,0.351,0.941,0.374,2.15,10.15,HUMAN_S01,subfertile
99,1.7,0.68,0.68,0.397,1,0.397,0.33,0.74,HUMAN_S01,subfertile
99,59.09,20,31.09,0.338,0.643,0.526,3.65,15.22,HUMAN_S01,subfertile
99,26.98,9.38,15.58,0.348,0.602,0.578,1.82,7.01,HUMAN_S01,subfertile
99,24.49,5.75,19.64,0.235,0.293,0.802,1.22,7.84,HUMAN_S01,subfertile
99,2.12,0.15,0.15,0.071,1,0.071,0.49,1.47,HUMAN_S01,subfertile
99,19.11,11.37,19.11,0.595,0.595,1,1.68,13.14,HUMAN_S01,subfertile
99,2.95,0.42,0.42,0.141,1,0.141,0.73,1.15,HUMAN_S01,subfertile
99,1.03,0,0,0,0,0,0.35,0.97,HUMAN_S01,subfertile
99,16.15,9.12,16.15,0.565,0.565,1,2.07,7.49,HUMAN_S01,subfertile
99,1.79,0.14,0.14,0.079,1,0.079,0.73,1.42,HUMAN_S01,subfertile
99,24.06,7.56,9.83,0.314,0.769,0.408,1.48,5.93,HUMAN_S01,subfertile
99,48.65,30.65,30.65,0.63,1,0.63,3.51,16.44,HUMAN_S01,subfertile
99,30,9.3,15.54,0.31,0.598,0.518,1.61,11.31,HUMAN_S01,subfertile
99,32.62,20,32.62,0.613,0.613,1,3.28,19.94,HUMAN_S01,subfertile
99,10.94,8.01,10.94,0.732,0.732,1,1.68,11.15,HUMAN_S01,subfertile
99,12.64,7.57,12.64,0.599,0.599,1,1.35,6.59,HUMAN_S01,subfertile
99,42.98,23.1,42.98,0.537,0.537,1,2.75,14.96,HUMAN_S01,subfertile
99,3.34,0.34,0.34,0.103,1,0.103,0.6,0.69,HUMAN_S01,subfertile
99,36.78,8.12,17.93,0.221,0.453,0.488,1.58,9.33,HUMAN_S01,subfertile
99,19.86,7.96,15.54,0.401,0.512,0.783,1.07,10.84,HUMAN_S01,subfertile
99,56.65,39.21,49.81,0.692,0.787,0.879,2.05,11.93,HUMAN_S01,subfertile
99,0.47,0.47,0.47,1,1,1,0.73,0.74,HUMAN_S01,subfertile
99,17.24,8.26,17.24,0.479,0.479,1,1.34,9.61,HUMAN_S01,subfertile
99,1.31,0.27,0.27,0.209,1,0.209,0.7,0.52,HUMAN_S01,subfertile
99,30.02,8.52,17.6,0.284,0.484,0.586,1.23,6.66,HUMAN_S01,subfertile
99,3.86,0.35,0.35,0.091,1,0.091,0.41,1.5,HUMAN_S01,subfertile
99,0.51,0.15,0.15,0.301,1,0.301,0.21,1.3,HUMAN_S01,subfertile
99,23.26,9.8,18.1,0.421,0.541,0.778,0.95,5.54,HUMAN_S01,subfertile
99,59.06,31.44,58.54,0.532,0.537,0.991,1.94,11.91,HUMAN_S01,subfertile
99,162.59,25.16,93.58,0.155,0.269,0.576,7.19,12.98,HUMAN_S01,subfertile
99,2.41,0.59,0.59,0.246,1,0.246,0.73,0.99,HUMAN_S01,subfertile
99,22.5,6.22,17.33,0.276,0.359,0.77,1.93,7.49,HUMAN_S01,subfertile
99,42.94,20,36.28,0.466,0.551,0.845,3.31,14.25,HUMAN_S01,subfertile
99,2.3,0.35,0.35,0.15,1,0.15,0.36,1.7,HUMAN_S01,subfertile
99,68.37,20,36.86,0.293,0.543,0.539,2.11,17.65,HUMAN_S01,subfertile
99,1.53,1.13,1.13,0.737,1,0.737,0.75,1.35,HUMAN_S01,subfertile
99,2.05,0.1,0.1,0.047,1,0.047,0.65,1,HUMAN_S01,subfertile
99,2.01,0.43,0.43,0.216,1,0.216,0.6,0.82,HUMAN_S01,subfertile
99,1.34,0.56,0.56,0.417,1,0.417,0.57,0.05,HUMAN_S01,subfertile
99,27.18,6.58,10.71,0.242,0.614,0.394,1.31,6.21,HUMAN_S01,subfertile
99,1.95,0.28,0.28,0.142,1,0.142,0.5,1.19,HUMAN_S01,subfertile
99,2.48,0.82,0.82,0.329,1,0.329,0.58,0.49,HUMAN_S01,subfertile
99,1.31,0.77,0.77,0.591,1,0.591,0.72,0.21,HUMAN_S01,subfertile
99,33.63,7.06,15,0.21,0.471,0.446,1.54,9.21,HUMAN_S01,subfertile
99,185.24,63.15,102.14,0.341,0.618,0.551,10.34,17.97,HUMAN_S01,subfertile
99,3.44,0.27,0.27,0.079,1,0.079,0.74,0.52,HUMAN_S01,subfertile
99,24.76,6.33,19.17,0.256,0.33,0.774,1.36,6.17,HUMAN_S01,subfertile
99,18.47,13.28,13.28,0.719,1,0.719,1.38,9.11,HUMAN_S01,subfertile
99,51.3,20,27.15,0.39,0.737,0.529,1.35,14.17,HUMAN_S01,subfertile
99,2.76,0.22,0.22,0.078,1,0.078,0.43,0.78,HUMAN_S01,subfertile
99,2.45,0.7,0.7,0.288,1,0.288,0.32,1.69,HUMAN_S01,subfertile
99,1.61,0.46,0.46,0.288,1,0.288,0.21,1.03,HUMAN_S01,subfertile
99,0.9,0.79,0.79,0.874,1,0.874,0.47,0.59,HUMAN_S01,subfertile
99,3.46,0.78,0.78,0.226,1,0.226,0.31,1.49,HUMAN_S01,subfertile
99,1.45,0.64,0.64,0.444,1,0.444,0.79,0.3,HUMAN_S01,subfertile
99,19.95,8.44,19.95,0.423,0.423,1,1.66,5.56,HUMAN_S01,subfertile
99,41.12,28.54,30.43,0.694,0.938,0.74,4.18,13.09,HUMAN_S01,subfertile
99,69.73,20,57.91,0.287,0.345,0.83,2.23,11.76,HUMAN_S01,subfertile
99,2.8,0,0,0,0,0,0.63,0.44,HUMAN_S01,subfertile
99,2.09,0.45,0.45,0.218,1,0.218,0.58,1.64,HUMAN_S01,subfertile
99,0,0,0,0,0,0,0.46,1.03,HUMAN_S01,subfertile
99,0.81,0,0,0,0,0,0.5,0.78,HUMAN_S01,subfertile
99,1.33,0.86,0.86,0.642,1,0.642,0.4,0.99,HUMAN_S01,subfertile
99,2.18,0.64,0.64,0.293,1,0.293,0.85,1.53,HUMAN_S01,subfertile
99,1.52,0.66,0.66,0.438,1,0.438,0.53,0.65,HUMAN_S01,subfertile
99,1.84,0.81,0.81,0.441,1,0.441,0.31,0.09,HUMAN_S01,subfertile
99,1.28,0.42,0.42,0.325,1,0.325,0.32,1.09,HUMAN_S01,subfertile
99,2,0.11,0.11,0.057,1,0.057,0.5,1.03,HUMAN_S01,subfertile
99,38.2,6.43,12.52,0.168,0.513,0.328,1.13,9.8,HUMAN_S01,subfertile
99,1.26,0.24,0.24,0.188,1,0.188,0.54,1.06,HUMAN_S01,subfertile
99,3.18,0.11,0.11,0.033,1,0.033,0.52,0,HUMAN_S01,subfertile
99,65.06,20,52.54,0.307,0.381,0.808,1.55,12.25,HUMAN_S01,subfertile
99,197.08,73.02,114.79,0.37,0.636,0.582,10.42,12.6,HUMAN_S01,subfertile
99,2.63,0.49,0.49,0.186,1,0.186,0.41,0.68,HUMAN_S01,subfertile
99,2.45,0.08,0.08,0.034,1,0.034,0.63,0.42,HUMAN_S01,subfertile
99,76.38,46.07,46.07,0.603,1,0.603,3.2,16.01,HUMAN_S01,subfertile
99,3.38,0.42,0.42,0.123,1,0.123,0.52,0.9,HUMAN_S01,subfertile
99,38.03,38.03,38.03,1,1,1,3.14,13.81,HUMAN_S01,subfertile
99,2.85,0.29,0.29,0.102,1,0.102,0.74,0.8,HUMAN_S01,subfertile
99,25.19,4.3,11.24,0.171,0.383,0.446,1.63,8.63,HUMAN_S01,subfertile
99,1.7,0.22,0.22,0.131,1,0.131,0.2,1.32,HUMAN_S01,subfertile
99,23.49,6.05,23.49,0.258,0.258,1,1.51,7.17,HUMAN_S01,subfertile
99,2.22,0.38,0.38,0.17,1,0.17,0.66,1.68,HUMAN_S01,subfertile
99,3.05,0.8,0.8,0.264,1,0.264,0.34,0.44,HUMAN_S01,subfertile
99,3.53,0.31,0.31,0.087,1,0.087,0.41,0.8,HUMAN_S01,subfertile
99,43.77,42.59,42.59,0.973,1,0.973,3.75,12.38,HUMAN_S01,subfertile
99,3.3,0.6,0.6,0.183,1,0.183,0.35,0.34,HUMAN_S01,subfertile
99,23.56,6.15,19.61,0.261,0.314,0.833,1.51,14.37,HUMAN_S01,subfertile
99,1.2,0.06,0.06,0.052,1,0.052,0.47,0.83,HUMAN_S01,subfertile
99,2.07,0.4,0.4,0.191,1,0.191,0.64,0.61,HUMAN_S01,subfertile
99,2.62,0.31,0.31,0.118,1,0.118,0.63,1.7,HUMAN_S01,subfertile
99,3.9,0,0,0,0,0,0.85,0.04,HUMAN_S01,subfertile
99,0.72,0,0,0,0,0,0.38,0.67,HUMAN_S01,subfertile
99,2.49,0.52,0.52,0.209,1,0.209,0.31,1.5,HUMAN_S01,subfertile
99,20,20,20,1,1,1,2.28,7.08,HUMAN_S01,subfertile
99,3.17,0.25,0.25,0.079,1,0.079,0.29,0.02,HUMAN_S01,subfertile
99,19.68,11.22,11.57,0.57,0.97,0.588,2,10.19,HUMAN_S01,subfertile
99,2.4,0.79,0.79,0.331,1,0.331,0.47,0.37,HUMAN_S01,subfertile
99,57.15,44.86,56.57,0.785,0.793,0.99,3.26,13.2,HUMAN_S01,subfertile
99,24.5,9.85,14.61,0.402,0.674,0.596,0.96,9.96,HUMAN_S01,subfertile
99,30.95,7.27,12.79,0.235,0.568,0.413,1.47,11.15,HUMAN_S01,subfertile
99,28.03,3.27,11.26,0.117,0.29,0.402,1.82,8.51,HUMAN_S01,subfertile
99,44.94,20,27.37,0.445,0.731,0.609,2.4,13.73,HUMAN_S01,subfertile
99,194.91,52.33,108.96,0.268,0.48,0.559,8.9,11.63,HUMAN_S01,subfertile
99,2.07,0.55,0.55,0.266,1,0.266,0.39,1.36,HUMAN_S01,subfertile
99,1.98,0.63,0.63,0.319,1,0.319,0.38,0.93,HUMAN_S01,subfertile
99,17.66,6.65,15.28,0.377,0.435,0.865,1.9,7.48,HUMAN_S01,subfertile
99,92.77,23.74,67.07,0.256,0.354,0.723,3.16,16.43,HUMAN_S01,subfertile
99,47.18,20,33.28,0.424,0.601,0.705,2.74,18.15,HUMAN_S01,subfertile
99,2.11,0.63,0.63,0.301,1,0.301,0.41,2.08,HUMAN_S01,subfertile
99,1.41,0.25,0.25,0.176,1,0.176,0.78,1.89,HUMAN_S01,subfertile
99,1.73,0.54,0.54,0.312,1,0.312,0.26,0.89,HUMAN_S01,subfertile
99,1.28,0.29,0.29,0.224,1,0.224,0.44,0.63,HUMAN_S01,subfertile
99,56.23,40.88,47.75,0.727,0.856,0.849,1.01,12.15,HUMAN_S01,subfertile
99,19.75,3.49,18.57,0.177,0.188,0.94,1.17,6.63,HUMAN_S01,subfertile
99,69.04,24.13,54.13,0.35,0.446,0.784,2.73,12.95,HUMAN_S01,subfertile
99,37.89,32.88,36.54,0.868,0.9,0.964,2.13,12.72,HUMAN_S01,subfertile
99,25.21,3.45,6.06,0.137,0.569,0.24,1.08,10.46,HUMAN_S01,subfertile
99,29.99,5.39,18.3,0.18,0.295,0.61,1.78,7.55,HUMAN_S01,subfertile
99,1.95,0.5,0.5,0.254,1,0.254,0.47,1.13,HUMAN_S01,subfertile
99,2.34,0.97,0.97,0.413,1,0.413,0.39,0.48,HUMAN_S01,subfertile
99,36.11,4.98,17.97,0.138,0.277,0.498,2.56,9.14,HUMAN_S01,subfertile
99,65.75,22.13,47.47,0.337,0.466,0.722,2.91,16.25,HUMAN_S01,subfertile
99,1.1,0.47,0.47,0.432,1,0.432,0.67,1.94,HUMAN_S01,subfertile
99,2.4,0.44,0.44,0.182,1,0.182,0.41,0.93,HUMAN_S01,subfertile
99,1.72,0.48,0.48,0.279,1,0.279,0.43,0.57,HUMAN_S01,subfertile
99,25.05,8.03,18.75,0.32,0.428,0.748,1.97,5.63,HUMAN_S01,subfertile
99,26.13,9.28,18.91,0.355,0.491,0.724,1.65,6.03,HUMAN_S01,subfertile
99,1.33,0.47,0.47,0.353,1,0.353,0.19,1.06,HUMAN_S01,subfertile
99,24.49,9.09,16.59,0.371,0.548,0.678,1.11,8.25,HUMAN_S01,subfertile
99,66.58,28.18,51.15,0.423,0.551,0.768,2.35,17.17,HUMAN_S01,subfertile
99,1.06,0.31,0.31,0.294,1,0.294,0.41,1.18,HUMAN_S01,subfertile
99,1.79,0.59,0.59,0.329,1,0.329,0.38,1.41,HUMAN_S01,subfertile
99,90.8,44.1,75.7,0.486,0.583,0.834,2.64,15.92,HUMAN_S01,subfertile
99,29.86,8.04,12.45,0.269,0.646,0.417,1.03,8.72,HUMAN_S01,subfertile
99,0.25,0.25,0.25,1,1,1,0.46,0.1,HUMAN_S01,subfertile
99,24.92,6.25,13.11,0.251,0.477,0.526,1.6,11.57,HUMAN_S01,subfertile
99,53.79,20,53.79,0.372,0.372,1,1.49,15.44,HUMAN_S01,subfertile
99,1.84,1.01,1.01,0.548,1,0.548,0.54,1.01,HUMAN_S01,subfertile
99,57.51,21.45,52.03,0.373,0.412,0.905,4.07,13.43,HUMAN_S01,subfertile
99,37.92,26.57,26.57,0.701,1,0.701,2.4,15.72,HUMAN_S01,subfertile
99,2.67,0.43,0.43,0.16,1,0.16,0.32,0.68,HUMAN_S01,subfertile
99,0.02,0.02,0.02,1,1,1,0.66,0,HUMAN_S01,subfertile
99,2.82,0.67,0.67,0.236,1,0.236,0.29,1.82,HUMAN_S01,subfertile
99,22.6,4.47,18.68,0.198,0.239,0.826,1.27,6.5,HUMAN_S02,subfertile
99,19.08,4.66,19.08,0.244,0.244,1,1.84,8.9,HUMAN_S02,subfertile
99,2.6,0.67,0.67,0.257,1,0.257,0.51,1.35,HUMAN_S02,subfertile
99,1.09,0.78,0.78,0.715,1,0.715,0.92,0.65,HUMAN_S02,subfertile
99,0.08,0.02,0.02,0.313,1,0.313,0.37,1.5,HUMAN_S02,subfertile
99,19.99,13.15,13.15,0.658,1,0.658,2.11,10.83,HUMAN_S02,subfertile
99,29.11,4.62,15.18,0.159,0.305,0.521,1.37,8.29,HUMAN_S02,subfertile
99,158.43,60.19,97.4,0.38,0.618,0.615,9.39,15.58,HUMAN_S02,subfertile
99,65.19,48.91,60.6,0.75,0.807,0.929,1.52,8.62,HUMAN_S02,subfertile
99,4.65,0.91,0.91,0.195,1,0.195,0.48,1.06,HUMAN_S02,subfertile
99,21.12,7.65,20.23,0.362,0.378,0.958,1.51,7.31,HUMAN_S02,subfertile
99,43.83,27.59,43.83,0.63,0.63,1,3.36,7.41,HUMAN_S02,subfertile
99,27.43,3.8,16.95,0.138,0.224,0.618,1.72,11.52,HUMAN_S02,subfertile
99,1.83,0.38,0.38,0.21,1,0.21,0.31,0.83,HUMAN_S02,subfertile
99,26.93,12.84,16.45,0.477,0.781,0.611,1.66,7.39,HUMAN_S02,subfertile
99,14.2,5.97,6.86,0.42,0.871,0.483,1.4,8.19,HUMAN_S02,subfertile
99,24.69,6.78,14.12,0.275,0.48,0.572,2.09,5.95,HUMAN_S02,subfertile
99,2.71,0.36,0.36,0.131,1,0.131,0.37,1.18,HUMAN_S02,subfertile
99,2.4,0.59,0.59,0.244,1,0.244,0.71,0.81,HUMAN_S02,subfertile
99,1.87,0.75,0.75,0.4,1,0.4,0.76,0.67,HUMAN_S02,subfertile
99,0,0,0,0,0,0,0.47,1.51,HUMAN_S02,subfertile
99,2.92,0.25,0.25,0.084,1,0.084,0.22,0.93,HUMAN_S02,subfertile
99,2.73,0.1,0.1,0.035,1,0.035,0.87,1.05,HUMAN_S02,subfertile
99,29.19,29.19,29.19,1,1,1,2.94,8.13,HUMAN_S02,subfertile
99,22.76,7.72,15.67,0.339,0.493,0.688,1.03,4.7,HUMAN_S02,subfertile
99,3.85,0.2,0.2,0.051,1,0.051,0.33,0.14,HUMAN_S02,subfertile
99,31.72,8.84,13.74,0.279,0.644,0.433,2.31,8.4,HUMAN_S02,subfertile
99,2.55,0.56,0.56,0.22,1,0.22,0.64,1.04,HUMAN_S02,subfertile
99,18.52,9.77,16.98,0.528,0.576,0.917,1.05,9.45,HUMAN_S02,subfertile
99,15.39,6.41,10.28,0.417,0.624,0.668,1.68,6.1,HUMAN_S02,subfertile
99,29,14.47,14.47,0.499,1,0.499,0.84,8.73,HUMAN_S02,subfertile
99,26.68,9.68,14.49,0.363,0.668,0.543,2.15,6.54,HUMAN_S02,subfertile
99,21.69,0,15.01,0,0,0.692,0.86,10.51,HUMAN_S02,subfertile
99,2.78,0.72,0.72,0.258,1,0.258,0.94,1.67,HUMAN_S02,subfertile
99,26.08,10.88,10.88,0.417,1,0.417,1.85,7.62,HUMAN_S02,subfertile
99,68.31,20,46.4,0.293,0.431,0.679,1.46,9.59,HUMAN_S02,subfertile
99,2.58,0.69,0.69,0.269,1,0.269,0.52,0.37,HUMAN_S02,subfertile
99,2.16,0.67,0.67,0.308,1,0.308,0.85,1.1,HUMAN_S02,subfertile
99,3.38,1.05,1.05,0.311,1,0.311,0.17,1.01,HUMAN_S02,subfertile
99,18.47,1.22,11.8,0.066,0.103,0.639,1.8,7.53,HUMAN_S02,subfertile
99,2.33,0.32,0.32,0.136,1,0.136,0.58,1.89,HUMAN_S02,subfertile
99,21.95,7.04,18.13,0.321,0.388,0.826,0.5,9.29,HUMAN_S02,subfertile
99,1.56,0.68,0.68,0.436,1,0.436,0.61,1.33,HUMAN_S02,subfertile
99,53.75,20,46.17,0.372,0.433,0.859,3.09,14.09,HUMAN_S02,subfertile
99,10.81,6.82,10.81,0.631,0.631,1,1.33,5.89,HUMAN_S02,subfertile
99,63.79,23.05,29.88,0.361,0.771,0.468,1.36,8.93,HUMAN_S02,subfertile
99,39.46,32.71,32.71,0.829,1,0.829,1.77,8.28,HUMAN_S02,subfertile
99,53.94,20,34.49,0.371,0.58,0.639,2.6,12.62,HUMAN_S02,subfertile
99,2.03,0.24,0.24,0.117,1,0.117,0.15,0.54,HUMAN_S02,subfertile
99,20.66,6.46,18.53,0.313,0.349,0.897,1.54,11.04,HUMAN_S02,subfertile
99,63.56,33.14,45.85,0.521,0.723,0.721,1.77,14.21,HUMAN_S02,subfertile
99,1.16,0.55,0.55,0.47,1,0.47,0.58,0.75,HUMAN_S02,subfertile
99,99.31,22.98,59.91,0.231,0.384,0.603,2.98,12.37,HUMAN_S02,subfertile
99,2.37,0.19,0.19,0.082,1,0.082,0.24,0.58,HUMAN_S02,subfertile
99,2.1,0.55,0.55,0.261,1,0.261,0.49,1.15,HUMAN_S02,subfertile
99,20.06,9.66,14.69,0.481,0.657,0.733,0.66,4.89,HUMAN_S02,subfertile
99,27.53,9.31,20.47,0.338,0.455,0.744,1.82,6.7,HUMAN_S02,subfertile
99,22.34,7.34,12.39,0.328,0.592,0.554,0.94,9.28,HUMAN_S02,subfertile
99,46.64,20,29.9,0.429,0.669,0.641,3.68,11.27,HUMAN_S02,subfertile
99,0.94,0.8,0.8,0.854,1,0.854,0.3,0.79,HUMAN_S02,subfertile
99,29.26,25.99,28.79,0.888,0.903,0.984,2,11.2,HUMAN_S02,subfertile
99,1.13,0.65,0.65,0.573,1,0.573,0.27,1.26,HUMAN_S02,subfertile
99,27.16,9.28,9.28,0.342,1,0.342,1.47,9.48,HUMAN_S02,subfertile
99,33.29,5.43,17.78,0.163,0.305,0.534,1.58,9.47,HUMAN_S02,subfertile
99,0.59,0.3,0.3,0.502,1,0.502,0.46,0.3,HUMAN_S02,subfertile
99,2.4,0.77,0.77,0.321,1,0.321,0.45,2.02,HUMAN_S02,subfertile
99,0.87,0.75,0.75,0.868,1,0.868,0.47,0.89,HUMAN_S02,subfertile
99,17.48,6.35,11.61,0.363,0.547,0.664,2.12,6.76,HUMAN_S02,subfertile
99,4.74,0.27,0.27,0.057,1,0.057,0.27,0.35,HUMAN_S02,subfertile
99,1.26,0.61,0.61,0.481,1,0.481,0.23,0.91,HUMAN_S02,subfertile
99,29.43,29.43,29.43,1,1,1,1.37,10.65,HUMAN_S02,subfertile
99,21.89,7.33,10.66,0.335,0.688,0.487,0.82,7.29,HUMAN_S02,subfertile
99,30.89,7.23,16.95,0.234,0.427,0.549,1.11,7.22,HUMAN_S02,subfertile
99,2.93,0.77,0.77,0.262,1,0.262,0.67,1.1,HUMAN_S02,subfertile
99,0.38,0.08,0.08,0.203,1,0.203,0.24,1.78,HUMAN_S02,subfertile
99,22.83,22.83,22.83,1,1,1,2.62,11.5,HUMAN_S02,subfertile
99,49.61,23.91,31.51,0.482,0.759,0.635,1.55,11.18,HUMAN_S02,subfertile
99,59.88,20,31.85,0.334,0.628,0.532,1,13.05,HUMAN_S02,subfertile
99,1.54,0,0,0,0,0,0.41,1.03,HUMAN_S02,subfertile
99,19.87,6.38,17.82,0.321,0.358,0.897,1.77,8.38,HUMAN_S02,subfertile
99,1.53,0.63,0.63,0.414,1,0.414,0.9,1.95,HUMAN_S02,subfertile
99,19.55,8.35,12.08,0.427,0.691,0.618,2.71,6.22,HUMAN_S02,subfertile
99,28.98,28.98,28.98,1,1,1,2.37,8.95,HUMAN_S02,subfertile
99,3.52,0.58,0.58,0.163,1,0.163,0.37,0.77,HUMAN_S02,subfertile
99,1.13,0.52,0.52,0.46,1,0.46,0.59,0.95,HUMAN_S02,subfertile
99,19.68,10.04,15.11,0.51,0.665,0.768,1.26,9.92,HUMAN_S02,subfertile
99,27.13,8.97,16.39,0.331,0.547,0.604,1.3,7.14,HUMAN_S02,subfertile
99,53.04,20,46.27,0.377,0.432,0.872,2.44,13.24,HUMAN_S02,subfertile
99,3.18,0.4,0.4,0.126,1,0.126,0.48,1.31,HUMAN_S02,subfertile
99,1.02,0.28,0.28,0.277,1,0.277,0.1,0.6,HUMAN_S02,subfertile
99,1.2,0.12,0.12,0.097,1,0.097,0.47,0.35,HUMAN_S02,subfertile
99,211.62,87.7,126.81,0.414,0.692,0.599,7.39,13.98,HUMAN_S02,subfertile
99,53.46,26.7,49.23,0.499,0.542,0.921,2.19,6.45,HUMAN_S02,subfertile
99,75.58,20.68,47.98,0.274,0.431,0.635,2.53,7.28,HUMAN_S02,subfertile
99,56.78,31.13,43.43,0.548,0.717,0.765,1.44,9.34,HUMAN_S02,subfertile
99,26.09,11.28,15.59,0.432,0.724,0.597,1.84,8.33,HUMAN_S02,subfertile
99,26.69,5.13,14.58,0.192,0.352,0.546,0.85,8.21,HUMAN_S02,subfertile
99,4.46,0.25,0.25,0.056,1,0.056,0.37,1.77,HUMAN_S02,subfertile
99,3.11,1.34,1.34,0.431,1,0.431,0.46,0.56,HUMAN_S02,subfertile
99,22,6.05,14.63,0.275,0.414,0.665,1.11,12.22,HUMAN_S02,subfertile
99,1.34,0.69,0.69,0.514,1,0.514,0.76,0.31,HUMAN_S02,subfertile
99,0.51,0.32,0.32,0.624,1,0.624,0.61,1.64,HUMAN_S02,subfertile
99,1.64,0,0,0,0,0,0.58,2.06,HUMAN_S02,subfertile
99,2.35,0.56,0.56,0.238,1,0.238,0.5,1.3,HUMAN_S02,subfertile
99,3.22,0.92,0.92,0.285,1,0.285,0.48,0.46,HUMAN_S02,subfertile
99,41.58,20,31.5,0.481,0.635,0.758,2.81,11.68,HUMAN_S02,subfertile
99,78.18,20.68,51.45,0.265,0.402,0.658,2.39,12.45,HUMAN_S02,subfertile
99,186.37,54.48,101.65,0.292,0.536,0.545,9.3,17.78,HUMAN_S02,subfertile
99,26.94,6.61,11.81,0.246,0.56,0.438,1.4,10.21,HUMAN_S02,subfertile
99,58.95,20,29.01,0.339,0.689,0.492,2.27,13.99,HUMAN_S02,subfertile
99,15.08,11.83,15.08,0.785,0.785,1,1.36,5.77,HUMAN_S02,subfertile
99,0.61,0.61,0.61,1,1,1,0.6,1.2,HUMAN_S02,subfertile
99,3.54,0.34,0.34,0.096,1,0.096,0.54,0.04,HUMAN_S02,subfertile
99,32.47,6.75,12.99,0.208,0.52,0.4,1.09,9.23,HUMAN_S02,subfertile
99,2.43,0,0,0,0,0,0.55,1.4,HUMAN_S02,subfertile
99,3.52,0,0,0,0,0,0.5,1.19,HUMAN_S02,subfertile
99,2.51,0.55,0.55,0.22,1,0.22,0.43,0.59,HUMAN_S02,subfertile
99,29.74,2.57,25.51,0.086,0.101,0.858,1.23,4.46,HUMAN_S02,subfertile
99,2.4,0.77,0.77,0.321,1,0.321,0.15,1.51,HUMAN_S02,subfertile
99,1.92,0.43,0.43,0.226,1,0.226,0.43,1.33,HUMAN_S02,subfertile
99,20.77,8.29,20.77,0.399,0.399,1,1.38,7.48,HUMAN_S02,subfertile
99,3.74,0.48,0.48,0.129,1,0.129,0.9,1.19,HUMAN_S02,subfertile
99,36.34,7.51,15.26,0.207,0.492,0.42,1.84,5.2,HUMAN_S02,subfertile
99,2.43,0.33,0.33,0.135,1,0.135,0.26,1.2,HUMAN_S02,subfertile
99,2.43,0.59,0.59,0.244,1,0.244,0.83,0.97,HUMAN_S02,subfertile
99,61.84,23.27,33.48,0.376,0.695,0.541,1.81,7.62,HUMAN_S02,subfertile
99,25.32,4.16,12.03,0.164,0.346,0.475,1.81,10.59,HUMAN_S02,subfertile
99,1.42,0.87,0.87,0.617,1,0.617,0.84,0.69,HUMAN_S02,subfertile
99,1.97,0.38,0.38,0.194,1,0.194,0.65,1.02,HUMAN_S02,subfertile
99,2.42,0.54,0.54,0.224,1,0.224,0.61,0.77,HUMAN_S02,subfertile
99,20.52,4.6,17.71,0.224,0.26,0.863,1.25,8.59,HUMAN_S02,subfertile
99,2.69,0.13,0.13,0.049,1,0.049,0.4,0.71,HUMAN_S02,subfertile
99,1.82,0.3,0.3,0.167,1,0.167,0.19,1.06,HUMAN_S02,subfertile
99,2.4,0.41,0.41,0.171,1,0.171,0.33,0,HUMAN_S02,subfertile
99,3.19,0.9,0.9,0.282,1,0.282,0.7,0.93,HUMAN_S02,subfertile
99,0.68,0.47,0.47,0.684,1,0.684,0.49,1.42,HUMAN_S02,subfertile
99,67.1,32.4,40.96,0.483,0.791,0.61,2.32,16.15,HUMAN_S02,subfertile
99,29.96,12.18,12.18,0.406,1,0.406,1.86,7.4,HUMAN_S02,subfertile
99,0.24,0,0,0.01,1,0.01,0.23,1.33,HUMAN_S02,subfertile
99,2.94,0.71,0.71,0.242,1,0.242,0.36,1.17,HUMAN_S02,subfertile
99,24.57,6.07,19.92,0.247,0.305,0.811,1.67,9.91,HUMAN_S02,subfertile
99,1.54,0.58,0.58,0.373,1,0.373,0.45,0.76,HUMAN_S02,subfertile
99,19.75,10.85,13.46,0.549,0.806,0.681,0.95,5.97,HUMAN_S02,subfertile
99,2.79,0.62,0.62,0.223,1,0.223,0.54,0.57,HUMAN_S02,subfertile
99,13,7.07,12.17,0.544,0.581,0.936,1.49,6.57,HUMAN_S02,subfertile
99,23.6,10.46,13.17,0.443,0.794,0.558,1.53,6.13,HUMAN_S03,subfertile
99,33.94,14.94,14.94,0.44,1,0.44,1.21,6.87,HUMAN_S03,subfertile
99,52.1,20,41.83,0.384,0.478,0.803,3.19,8.83,HUMAN_S03,subfertile
99,26.58,7.58,12.57,0.285,0.603,0.473,1.56,8.21,HUMAN_S03,subfertile
99,1.72,0.5,0.5,0.291,1,0.291,0.09,1.59,HUMAN_S03,subfertile
99,2.17,1.19,1.19,0.546,1,0.546,0.42,0,HUMAN_S03,subfertile
99,26.85,11.54,16.81,0.43,0.687,0.626,1.49,8.87,HUMAN_S03,subfertile
99,2.38,0.85,0.85,0.358,1,0.358,0.51,0.8,HUMAN_S03,subfertile
99,47.73,30.81,45.08,0.646,0.683,0.945,2.29,13.42,HUMAN_S03,subfertile
99,0.66,0.39,0.39,0.594,1,0.594,0.34,1.24,HUMAN_S03,subfertile
99,28.29,10.19,11.96,0.36,0.852,0.423,1.68,5.27,HUMAN_S03,subfertile
99,1.09,0.37,0.37,0.339,1,0.339,0.45,1.33,HUMAN_S03,subfertile
99,0,0,0,0,0,0,0.44,1.89,HUMAN_S03,subfertile
99,55.88,31.37,45.06,0.561,0.696,0.806,2.36,14,HUMAN_S03,subfertile
99,4.13,0.64,0.64,0.154,1,0.154,0.75,1.27,HUMAN_S03,subfertile
99,3.49,0.83,0.83,0.237,1,0.237,0.43,1.43,HUMAN_S03,subfertile
99,28.57,9.29,13.67,0.325,0.68,0.478,0.66,9.11,HUMAN_S03,subfertile
99,2.38,0.14,0.14,0.058,1,0.058,0.8,0.87,HUMAN_S03,subfertile
99,31.46,8.85,14.55,0.281,0.608,0.463,2.08,9.04,HUMAN_S03,subfertile
99,2.56,0.54,0.54,0.211,1,0.211,0.34,1.25,HUMAN_S03,subfertile
99,26.78,5.22,13.05,0.195,0.4,0.487,1.17,9.92,HUMAN_S03,subfertile
99,18.92,8.44,16.96,0.446,0.497,0.896,1.26,3.23,HUMAN_S03,subfertile
99,2.29,0.46,0.46,0.199,1,0.199,0.41,0.53,HUMAN_S03,subfertile
99,30.59,6.23,8.94,0.204,0.697,0.292,1.01,7.3,HUMAN_S03,subfertile
99,1.29,0.66,0.66,0.514,1,0.514,0.38,0.83,HUMAN_S03,subfertile
99,55.43,20,30.89,0.361,0.647,0.557,1.48,14.6,HUMAN_S03,subfertile
99,2.08,0.2,0.2,0.095,1,0.095,0.44,1,HUMAN_S03,subfertile
99,84.68,42.98,67.33,0.508,0.638,0.795,1,10.5,HUMAN_S03,subfertile
99,0,0,0,0,0,0,0.5,0.58,HUMAN_S03,subfertile
99,55.74,20,50.2,0.359,0.398,0.901,3.91,14.81,HUMAN_S03,subfertile
99,1.24,0.72,0.72,0.578,1,0.578,0.47,0.87,HUMAN_S03,subfertile
99,0.63,0.23,0.23,0.368,1,0.368,0.49,1.37,HUMAN_S03,subfertile
99,36.71,5.36,13.35,0.146,0.402,0.364,1.63,11.17,HUMAN_S03,subfertile
99,26.02,6.89,6.89,0.265,1,0.265,1.27,11.4,HUMAN_S03,subfertile
99,3.84,0.68,0.68,0.178,1,0.178,0.39,0.77,HUMAN_S03,subfertile
99,1.56,0.21,0.21,0.132,1,0.132,0.39,1.06,HUMAN_S03,subfertile
99,23.49,12.64,23.49,0.538,0.538,1,1.22,10.11,HUMAN_S03,subfertile
99,37.14,21.55,29.91,0.58,0.72,0.806,2.66,13.52,HUMAN_S03,subfertile
99,19.96,8.19,19.94,0.41,0.411,0.999,1.15,11.78,HUMAN_S03,subfertile
99,1.43,0.37,0.37,0.256,1,0.256,0.22,0.89,HUMAN_S03,subfertile
99,84.49,21.09,43.69,0.25,0.483,0.517,1.67,14.03,HUMAN_S03,subfertile
99,1.16,0.43,0.43,0.372,1,0.372,0.58,0.84,HUMAN_S03,subfertile
99,2.27,0.16,0.16,0.069,1,0.069,0.84,1.47,HUMAN_S03,subfertile
99,1.87,0.2,0.2,0.107,1,0.107,0.25,2.05,HUMAN_S03,subfertile
99,24.03,1.56,9.28,0.065,0.168,0.386,1.83,4.94,HUMAN_S03,subfertile
99,67.87,20,25.49,0.295,0.785,0.376,1.96,13.92,HUMAN_S03,subfertile
99,3.34,0.51,0.51,0.152,1,0.152,0.24,1.41,HUMAN_S03,subfertile
99,1.73,0.53,0.53,0.309,1,0.309,0.45,0.04,HUMAN_S03,subfertile
99,70.7,35.67,44.18,0.505,0.807,0.625,1.47,9.44,HUMAN_S03,subfertile
99,0,0,0,0,0,0,0.38,1.6,HUMAN_S03,subfertile
99,38.38,20,20,0.521,1,0.521,2.06,14.36,HUMAN_S03,subfertile
99,2.64,0.37,0.37,0.142,1,0.142,0.61,1.01,HUMAN_S03,subfertile
99,26.94,3.39,13.59,0.126,0.25,0.504,0.85,7.76,HUMAN_S03,subfertile
99,2.72,0.35,0.35,0.127,1,0.127,0.36,1.12,HUMAN_S03,subfertile
99,24.93,5.7,12.15,0.229,0.469,0.487,1.35,7.77,HUMAN_S03,subfertile
99,33.82,6.81,10.5,0.201,0.648,0.31,1.3,9.53,HUMAN_S03,subfertile
99,1.37,0.34,0.34,0.245,1,0.245,0.2,0,HUMAN_S03,subfertile
99,10.19,7.5,10.19,0.736,0.736,1,1.45,7.36,HUMAN_S03,subfertile
99,38.29,7.18,16.84,0.188,0.426,0.44,0.77,8.53,HUMAN_S03,subfertile
99,3.23,0.44,0.44,0.137,1,0.137,0.81,0.33,HUMAN_S03,subfertile
99,20,20,20,1,1,1,2.48,10.77,HUMAN_S03,subfertile
99,1.57,0.66,0.66,0.422,1,0.422,0.62,0.39,HUMAN_S03,subfertile
99,3.21,0.63,0.63,0.195,1,0.195,0.24,2.24,HUMAN_S03,subfertile
99,0.3,0,0,0,0,0,0.36,1.18,HUMAN_S03,subfertile
99,25.24,9.1,18.97,0.36,0.48,0.752,1.6,8.18,HUMAN_S03,subfertile
99,2.24,0.35,0.35,0.155,1,0.155,0.23,0.47,HUMAN_S03,subfertile
99,3.63,0.54,0.54,0.149,1,0.149,0.3,0.99,HUMAN_S03,subfertile
99,68.19,20,45.23,0.293,0.442,0.663,2.21,6.98,HUMAN_S03,subfertile
99,18.43,4.17,16.63,0.226,0.251,0.903,1.62,3.38,HUMAN_S03,subfertile
99,34.55,4.75,20.05,0.138,0.237,0.58,0.8,7.94,HUMAN_S03,subfertile
99,1.85,0.93,0.93,0.503,1,0.503,0.8,0.06,HUMAN_S03,subfertile
99,1.54,0.7,0.7,0.455,1,0.455,0.37,0.64,HUMAN_S03,subfertile
99,75.25,32.06,47.99,0.426,0.668,0.638,2.33,15.57,HUMAN_S03,subfertile
99,31.56,9.36,16.44,0.297,0.569,0.521,2.13,8.36,HUMAN_S03,subfertile
99,20,20,20,1,1,1,1,11.45,HUMAN_S03,subfertile
99,2.41,0.25,0.25,0.105,1,0.105,0.48,0.45,HUMAN_S03,subfertile
99,0.8,0.18,0.18,0.229,1,0.229,0.76,0.59,HUMAN_S03,subfertile
99,1.49,0.05,0.05,0.031,1,0.031,0.47,1.45,HUMAN_S03,subfertile
99,2.41,0.45,0.45,0.185,1,0.185,0.74,1.04,HUMAN_S03,subfertile
99,2.62,0,0,0,0,0,0.47,0.09,HUMAN_S03,subfertile
99,25.61,8.15,18.3,0.318,0.446,0.715,1.94,7.25,HUMAN_S03,subfertile
99,59.39,20,46.9,0.337,0.426,0.79,1.76,10.49,HUMAN_S03,subfertile
99,1.64,0.33,0.33,0.203,1,0.203,0.32,0.7,HUMAN_S03,subfertile
99,2.17,0.57,0.57,0.262,1,0.262,0.45,0.68,HUMAN_S03,subfertile
99,1.56,1.02,1.02,0.655,1,0.655,0.35,1.11,HUMAN_S03,subfertile
99,24.61,10.07,10.07,0.409,1,0.409,0.63,8.78,HUMAN_S03,subfertile
99,21.99,7.78,8.41,0.354,0.925,0.383,0.51,8.81,HUMAN_S03,subfertile
99,58.49,20,46.48,0.342,0.43,0.795,2.84,9.47,HUMAN_S03,subfertile
99,60.54,20,34.1,0.33,0.586,0.563,3.3,12.3,HUMAN_S03,subfertile
99,1.03,0.69,0.69,0.665,1,0.665,0.5,1.14,HUMAN_S03,subfertile
99,53.29,33.93,40.31,0.637,0.842,0.756,1,13.43,HUMAN_S03,subfertile
99,22.26,8.27,14.25,0.372,0.581,0.64,1.62,9.39,HUMAN_S03,subfertile
99,2.63,0.4,0.4,0.152,1,0.152,0.22,1.42,HUMAN_S03,subfertile
99,11.9,8.62,11.9,0.725,0.725,1,1.68,12.4,HUMAN_S03,subfertile
99,69.67,20,33.5,0.287,0.597,0.481,1.08,17.29,HUMAN_S03,subfertile
99,1.76,0.58,0.58,0.33,1,0.33,0.63,1.43,HUMAN_S03,subfertile
99,3.04,0.18,0.18,0.06,1,0.06,0.72,1.04,HUMAN_S03,subfertile
99,2.38,0.58,0.58,0.246,1,0.246,0.37,0.75,HUMAN_S03,subfertile
99,2.76,0.84,0.84,0.305,1,0.305,0.42,1.01,HUMAN_S03,subfertile
99,12.26,11.69,12.26,0.953,0.953,1,1.97,8.1,HUMAN_S03,subfertile
99,22.95,7.88,16.12,0.343,0.488,0.703,0.78,10.08,HUMAN_S03,subfertile
99,30.58,30.58,30.58,1,1,1,2.11,7.57,HUMAN_S03,subfertile
99,1.02,0.52,0.52,0.511,1,0.511,0.27,0,HUMAN_S03,subfertile
99,77.74,20,46.35,0.257,0.432,0.596,2.14,21.02,HUMAN_S03,subfertile
99,1.52,0.74,0.74,0.489,1,0.489,0.34,0.97,HUMAN_S03,subfertile
99,84.87,23.68,49.22,0.279,0.481,0.58,2.13,13.53,HUMAN_S03,subfertile
99,77.38,32.77,45.41,0.423,0.722,0.587,1.51,8.48,HUMAN_S03,subfertile
99,1.8,0.38,0.38,0.211,1,0.211,0.19,0.98,HUMAN_S03,subfertile
99,77.12,30.14,53.13,0.391,0.567,0.689,1.47,10.87,HUMAN_S03,subfertile
99,0.69,0.69,0.69,1,1,1,0.27,0.66,HUMAN_S03,subfertile
99,27.57,6.39,18,0.232,0.355,0.653,1.02,10.1,HUMAN_S03,subfertile
99,78.99,33.18,56.28,0.42,0.589,0.713,1,13.4,HUMAN_S03,subfertile
99,20.22,5.69,19.01,0.282,0.299,0.94,2.74,7.22,HUMAN_S03,subfertile
99,31.82,12.54,14.63,0.394,0.857,0.46,2.81,6.68,HUMAN_S03,subfertile
99,0.91,0.52,0.52,0.573,1,0.573,0.6,1.13,HUMAN_S03,subfertile
99,3.61,0.03,0.03,0.007,1,0.007,0.7,0.16,HUMAN_S03,subfertile
99,2.94,1.07,1.07,0.363,1,0.363,0.55,0.85,HUMAN_S03,subfertile
99,27.95,7.16,12.26,0.256,0.584,0.439,0.5,7.55,HUMAN_S03,subfertile
99,0.61,0.28,0.28,0.453,1,0.453,0.56,1.27,HUMAN_S03,subfertile
99,98.13,28.29,69.29,0.288,0.408,0.706,1,13.56,HUMAN_S03,subfertile
99,23.92,2.89,19.92,0.121,0.145,0.833,1.58,8.6,HUMAN_S03,subfertile
99,34.55,6.89,17.27,0.199,0.399,0.5,0.8,9.45,HUMAN_S03,subfertile
99,28.63,3.98,12.02,0.139,0.331,0.42,0.71,10.46,HUMAN_S03,subfertile
99,1.95,0.66,0.66,0.337,1,0.337,0.51,0.56,HUMAN_S03,subfertile
99,1.32,0.04,0.04,0.03,1,0.03,0.55,1.63,HUMAN_S03,subfertile
99,55.34,37.16,50.12,0.671,0.741,0.906,4.71,16.26,HUMAN_S03,subfertile
99,2.29,0.58,0.58,0.254,1,0.254,0.26,1.59,HUMAN_S03,subfertile
99,1.6,1,1,0.625,1,0.625,0.3,0.84,HUMAN_S03,subfertile
99,1.4,1.07,1.07,0.766,1,0.766,0.66,1.29,HUMAN_S03,subfertile
99,1.05,0,0,0,0,0,0.58,1.45,HUMAN_S03,subfertile
99,50.51,29.55,41.01,0.585,0.721,0.812,2.43,12.89,HUMAN_S03,subfertile
99,0.64,0.4,0.4,0.634,1,0.634,0.42,0,HUMAN_S03,subfertile
99,23.23,10.99,21.23,0.473,0.518,0.914,1.77,8.22,HUMAN_S03,subfertile
99,54.82,26.11,49.3,0.476,0.53,0.899,3.04,20.03,HUMAN_S03,subfertile
99,0.03,0.03,0.03,1,1,1,0.41,0.84,HUMAN_S03,subfertile
99,3.16,0.87,0.87,0.276,1,0.276,0.49,0.61,HUMAN_S03,subfertile
99,82.47,23.49,66.57,0.285,0.353,0.807,2.23,10.62,HUMAN_S03,subfertile
99,51.38,20,44.14,0.389,0.453,0.859,2.22,11.77,HUMAN_S03,subfertile
99,65.3,20,42.84,0.306,0.467,0.656,2.59,9.46,HUMAN_S03,subfertile
99,1.05,0.54,0.54,0.52,1,0.52,0.21,0.44,HUMAN_S03,subfertile
99,3.46,0.47,0.47,0.135,1,0.135,0.49,1.12,HUMAN_S03,subfertile
99,67.87,20,57.38,0.295,0.349,0.845,1.41,12.9,HUMAN_S03,subfertile
99,0.3,0.3,0.3,1,1,1,0.27,1.28,HUMAN_S03,subfertile
99,48.89,22.61,34.1,0.462,0.663,0.698,2.33,14.47,HUMAN_S03,subfertile
99,44.58,20,20,0.449,1,0.449,2.16,11.12,HUMAN_S03,subfertile
99,104.62,20,63.21,0.191,0.316,0.604,2.29,14.03,HUMAN_S03,subfertile
99,4.32,0.47,0.47,0.109,1,0.109,0.54,1.88,HUMAN_S03,subfertile
99,3.17,0.55,0.55,0.172,1,0.172,0.35,1.61,HUMAN_S03,subfertile
99,0.83,0.22,0.22,0.264,1,0.264,0.67,1.04,HUMAN_S03,subfertile
99,1.2,0.63,0.63,0.522,1,0.522,0.36,1.01,HUMAN_S03,subfertile