VCL,VSL,VAP,LIN,STR,WOB,ALH,BCF,Mouse,Group,tSNE1,tSNE2,Cluster
119.23,88.27,114.63,0.740,0.770,0.961,5.27,3.83,WT_01,WT,-2.678,-1.726,0
125.96,70.52,111.84,0.560,0.631,0.888,4.67,8.33,WT_01,WT,-1.626,0.528,1
118.67,81.77,118.67,0.689,0.689,1.000,1.56,6.95,WT_01,WT,-1.797,1.831,2
135.09,92.74,98.14,0.686,0.945,0.726,2.74,6.38,WT_01,WT,-0.420,-1.472,0
93.48,92.08,92.36,0.985,0.997,0.988,5.55,5.75,WT_01,WT,-2.327,-2.923,1
115.84,93.26,93.26,0.805,1.000,0.805,4.22,11.74,WT_01,WT,-4.422,0.102,2
104.69,102.92,102.92,0.983,1.000,0.983,2.16,5.34,WT_01,WT,0.304,-3.959,0
118.23,81.83,103.88,0.692,0.788,0.879,3.18,10.69,WT_01,WT,-2.507,-3.916,1
142.05,85.50,116.47,0.602,0.734,0.820,3.23,9.89,WT_01,WT,-2.907,1.111,2
78.55,78.55,78.55,1.000,1.000,1.000,3.57,12.02,WT_01,WT,-3.100,-1.709,0
161.95,90.48,121.40,0.559,0.745,0.750,3.21,10.63,WT_01,WT,-2.373,-1.937,1
95.54,61.81,77.03,0.647,0.802,0.806,3.86,10.97,WT_01,WT,-2.556,1.039,2
128.47,67.48,86.74,0.525,0.778,0.675,3.44,13.21,WT_01,WT,-1.930,-1.668,0
113.56,110.72,113.56,0.975,0.975,1.000,2.49,9.70,WT_01,WT,-3.771,-2.664,1
86.23,72.92,72.92,0.846,1.000,0.846,3.25,9.14,WT_01,WT,-2.790,0.818,2
95.46,60.43,73.42,0.633,0.823,0.769,2.25,14.44,WT_01,WT,-1.210,-0.902,0
141.16,51.05,99.39,0.362,0.514,0.704,3.02,6.54,WT_01,WT,-1.334,-1.067,1
134.44,77.80,109.35,0.579,0.711,0.813,4.83,7.45,WT_01,WT,-2.625,-1.467,2
111.90,99.76,99.76,0.892,1.000,0.892,2.60,10.29,WT_01,WT,-3.171,-0.404,0
97.52,97.46,97.52,0.999,0.999,1.000,1.19,7.86,WT_01,WT,1.457,-2.468,1
155.56,70.71,119.54,0.455,0.592,0.768,2.06,8.63,WT_01,WT,-0.224,3.746,2
120.28,89.65,102.96,0.745,0.871,0.856,2.69,9.91,WT_01,WT,-1.983,-1.688,0
110.26,90.17,91.23,0.818,0.988,0.827,2.52,8.67,WT_01,WT,-0.577,-0.947,1
129.39,85.63,96.99,0.662,0.883,0.750,3.03,9.44,WT_01,WT,0.415,-0.433,2
171.44,82.14,112.44,0.479,0.731,0.656,2.58,7.65,WT_01,WT,-1.291,-2.083,0
119.24,82.95,102.01,0.696,0.813,0.856,0.62,8.27,WT_01,WT,-2.348,-2.374,1
157.94,68.08,124.85,0.431,0.545,0.790,3.30,7.36,WT_01,WT,-3.616,1.982,2
118.25,72.78,97.76,0.616,0.745,0.827,4.10,11.02,WT_01,WT,-0.760,-1.452,0
116.75,99.15,99.15,0.849,1.000,0.849,3.46,8.06,WT_01,WT,0.100,-0.909,1
112.19,86.10,112.19,0.767,0.767,1.000,3.90,10.47,WT_01,WT,-0.788,3.353,2
96.63,68.28,70.62,0.707,0.967,0.731,0.71,12.30,WT_01,WT,-3.425,-2.307,0
120.51,77.75,101.93,0.645,0.763,0.846,5.16,10.79,WT_01,WT,-2.042,-0.359,1
88.52,64.35,69.66,0.727,0.924,0.787,0.50,5.91,WT_01,WT,-1.870,-0.471,2
122.02,88.12,107.96,0.722,0.816,0.885,4.79,6.40,WT_01,WT,-1.889,-1.229,0
97.95,65.19,87.32,0.666,0.747,0.891,2.65,7.87,WT_01,WT,1.273,-2.911,1
147.86,81.50,132.93,0.551,0.613,0.899,3.30,7.08,WT_01,WT,-3.482,0.557,2
139.75,92.70,108.89,0.663,0.851,0.779,3.03,4.93,WT_01,WT,-1.753,-2.896,0
98.80,62.43,76.19,0.632,0.819,0.771,0.94,7.79,WT_01,WT,-1.794,-1.163,1
147.60,61.26,93.72,0.415,0.654,0.635,1.62,9.14,WT_01,WT,-4.013,0.837,2
166.17,80.00,126.48,0.481,0.633,0.761,0.50,11.25,WT_01,WT,-1.175,0.136,0
147.90,93.45,126.03,0.632,0.741,0.852,4.68,10.23,WT_01,WT,-3.275,-2.177,1
90.11,75.74,75.74,0.841,1.000,0.841,4.08,9.50,WT_01,WT,-0.490,1.237,2
168.51,82.41,137.95,0.489,0.597,0.819,5.22,7.58,WT_01,WT,-3.462,-2.263,0
103.09,96.70,103.09,0.938,0.938,1.000,3.21,7.50,WT_01,WT,-3.370,-3.275,1
102.85,96.15,96.15,0.935,1.000,0.935,1.05,9.02,WT_01,WT,-0.400,1.873,2
117.02,67.55,67.55,0.577,1.000,0.577,3.71,7.92,WT_01,WT,-2.032,-2.511,0
123.73,85.27,109.56,0.689,0.778,0.885,3.35,6.70,WT_01,WT,-0.874,-3.852,1
120.56,54.37,84.18,0.451,0.646,0.698,2.19,7.40,WT_01,WT,-2.172,4.899,2
131.42,61.70,107.88,0.469,0.572,0.821,4.00,9.69,WT_01,WT,-2.445,0.112,0
99.75,69.11,99.75,0.693,0.693,1.000,2.59,10.65,WT_01,WT,-0.697,-2.304,1
129.78,57.35,101.10,0.442,0.567,0.779,1.69,8.59,WT_01,WT,-1.759,3.257,2
130.73,74.55,108.74,0.570,0.686,0.832,1.72,10.25,WT_01,WT,-1.773,-1.841,0
89.52,53.60,59.53,0.599,0.900,0.665,0.86,7.55,WT_01,WT,0.702,-2.686,1
115.05,58.04,78.68,0.504,0.738,0.684,4.32,6.28,WT_01,WT,-0.047,3.159,2
113.76,76.71,88.84,0.674,0.864,0.781,2.00,5.18,WT_01,WT,-0.662,0.383,0
138.64,74.41,124.79,0.537,0.596,0.900,1.04,13.16,WT_01,WT,-2.530,-1.897,1
96.32,67.22,76.93,0.698,0.874,0.799,3.48,6.85,WT_01,WT,-2.427,1.469,2
128.63,97.34,125.09,0.757,0.778,0.972,4.16,7.55,WT_01,WT,-2.428,-0.885,0
105.31,63.76,79.84,0.605,0.799,0.758,2.87,11.73,WT_01,WT,-3.558,-1.480,1
50.11,50.11,50.11,1.000,1.000,1.000,2.50,10.31,WT_01,WT,-3.119,2.820,2
113.95,94.33,94.33,0.828,1.000,0.828,2.16,9.42,WT_01,WT,-2.001,-1.811,0
83.92,83.92,83.92,1.000,1.000,1.000,1.85,11.58,WT_01,WT,-2.247,-1.342,1
83.82,76.03,76.57,0.907,0.993,0.913,1.96,7.92,WT_01,WT,-4.095,1.129,2
139.71,91.89,106.77,0.658,0.861,0.764,4.23,8.36,WT_01,WT,-3.080,-1.986,0
116.33,73.38,84.86,0.631,0.865,0.730,3.15,10.64,WT_01,WT,-2.464,-3.584,1
95.58,84.90,84.90,0.888,1.000,0.888,2.32,12.91,WT_01,WT,-2.378,1.418,2
122.49,54.33,88.69,0.444,0.613,0.724,0.50,8.63,WT_01,WT,-2.275,-2.738,0
101.82,82.58,89.75,0.811,0.920,0.882,2.80,12.75,WT_01,WT,-2.368,-3.034,1
163.91,76.87,124.59,0.469,0.617,0.760,4.48,8.68,WT_01,WT,-2.990,0.674,2
113.91,70.92,103.24,0.623,0.687,0.906,1.37,7.04,WT_01,WT,-0.415,-1.930,0
123.95,59.99,91.02,0.484,0.659,0.734,5.48,8.14,WT_01,WT,-3.641,-2.681,1
154.06,62.19,118.98,0.404,0.523,0.772,1.76,9.37,WT_01,WT,0.335,1.595,2
106.84,67.29,91.41,0.630,0.736,0.856,2.84,8.82,WT_01,WT,-2.269,-1.062,0
114.58,98.37,98.37,0.859,1.000,0.859,1.31,8.30,WT_01,WT,-3.213,-4.026,1
158.78,57.51,94.82,0.362,0.607,0.597,3.98,9.23,WT_01,WT,-3.838,4.556,2
146.10,76.32,116.22,0.522,0.657,0.796,4.87,12.66,WT_01,WT,-0.739,-1.787,0
125.57,86.14,108.89,0.686,0.791,0.867,4.25,8.85,WT_01,WT,-3.507,-1.752,1
149.74,72.42,109.53,0.484,0.661,0.731,3.21,7.72,WT_01,WT,-3.755,1.352,2
117.31,86.16,95.08,0.734,0.906,0.811,3.82,8.40,WT_01,WT,-1.508,-3.228,0
148.32,80.77,120.69,0.545,0.669,0.814,2.74,11.16,WT_01,WT,-2.126,-3.165,1
144.94,87.84,116.39,0.606,0.755,0.803,3.57,7.22,WT_01,WT,-0.287,0.895,2
96.02,59.99,66.59,0.625,0.901,0.693,3.08,9.95,WT_01,WT,-1.924,-1.078,0
115.36,105.09,111.51,0.911,0.942,0.967,1.90,6.85,WT_01,WT,-1.421,-2.088,1
133.32,70.25,100.01,0.527,0.702,0.750,2.52,9.57,WT_01,WT,-2.772,0.467,2
123.65,86.71,118.07,0.701,0.734,0.955,3.43,10.22,WT_01,WT,-4.185,-2.569,0
155.73,47.50,91.17,0.305,0.521,0.585,2.56,11.23,WT_01,WT,-2.116,-2.985,1
139.24,61.38,91.59,0.441,0.670,0.658,2.94,9.61,WT_01,WT,-2.162,1.605,2
153.00,104.58,130.54,0.684,0.801,0.853,3.48,10.39,WT_01,WT,-3.080,-3.271,0
150.62,63.36,115.51,0.421,0.549,0.767,6.75,8.50,WT_01,WT,-2.492,-3.455,1
107.45,69.36,77.47,0.646,0.895,0.721,4.97,9.82,WT_01,WT,1.330,1.200,2
117.35,93.03,106.08,0.793,0.877,0.904,1.37,9.25,WT_01,WT,0.935,1.187,0
137.75,83.65,109.95,0.607,0.761,0.798,5.19,7.33,WT_01,WT,-0.824,-1.916,1
131.96,68.82,107.50,0.522,0.640,0.815,3.32,6.76,WT_01,WT,-2.607,1.772,2
163.68,78.21,117.80,0.478,0.664,0.720,2.29,8.73,WT_01,WT,-4.277,-1.495,0
130.07,76.01,112.41,0.584,0.676,0.864,2.30,6.71,WT_01,WT,0.684,-3.160,1
115.24,71.61,95.02,0.621,0.754,0.825,2.05,6.47,WT_01,WT,-0.467,1.834,2
122.21,68.15,101.75,0.558,0.670,0.833,1.94,12.17,WT_01,WT,-0.406,-0.876,0
95.16,51.44,91.67,0.541,0.561,0.963,1.25,8.48,WT_01,WT,-3.093,-3.028,1
121.31,82.26,102.10,0.678,0.806,0.842,1.78,9.86,WT_01,WT,-1.426,2.558,2
123.26,74.62,102.59,0.605,0.727,0.832,2.27,11.37,WT_01,WT,-1.112,-2.978,0
76.16,71.86,76.16,0.944,0.944,1.000,3.37,8.71,WT_01,WT,-0.649,-4.335,1
105.90,49.31,78.31,0.466,0.630,0.739,3.45,10.98,WT_01,WT,-1.359,0.017,2
106.16,74.92,88.68,0.706,0.845,0.835,2.61,11.24,WT_01,WT,0.091,-1.835,0
159.47,56.37,104.33,0.353,0.540,0.654,4.87,7.68,WT_01,WT,-5.114,-2.341,1
111.97,89.66,102.62,0.801,0.874,0.916,3.75,8.18,WT_01,WT,-3.328,1.350,2
118.56,85.59,90.90,0.722,0.942,0.767,1.58,10.77,WT_01,WT,-3.091,-2.606,0
140.32,80.11,105.30,0.571,0.761,0.750,1.33,8.69,WT_01,WT,-2.343,-0.460,1
79.06,61.63,61.63,0.780,1.000,0.780,4.50,7.99,WT_01,WT,-3.814,1.325,2
104.86,102.06,104.86,0.973,0.973,1.000,2.10,6.82,WT_01,WT,-4.932,-2.920,0
169.85,104.02,135.84,0.612,0.766,0.800,3.32,8.19,WT_01,WT,-1.961,-4.257,1
104.97,104.97,104.97,1.000,1.000,1.000,5.15,8.78,WT_01,WT,-2.515,3.986,2
59.79,59.79,59.79,1.000,1.000,1.000,1.54,13.37,WT_01,WT,-1.459,-2.072,0
143.87,78.80,122.18,0.548,0.645,0.849,2.96,7.87,WT_01,WT,-1.147,-3.177,1
113.97,88.64,93.70,0.778,0.946,0.822,5.58,8.79,WT_01,WT,-0.803,1.027,2
153.47,77.21,123.50,0.503,0.625,0.805,1.63,8.88,WT_01,WT,1.150,-1.619,0
119.69,51.38,89.42,0.429,0.575,0.747,2.45,10.61,WT_01,WT,0.103,-2.512,1
77.33,59.06,72.80,0.764,0.811,0.941,4.35,7.76,WT_01,WT,-3.126,1.645,2
92.13,49.53,71.38,0.538,0.694,0.775,3.75,10.18,WT_01,WT,-3.820,1.161,0
119.70,70.26,70.26,0.587,1.000,0.587,4.29,9.79,WT_01,WT,-2.690,-1.561,1
94.91,78.75,87.34,0.830,0.902,0.920,2.94,10.33,WT_01,WT,-3.029,1.468,2
151.78,51.74,100.11,0.341,0.517,0.660,3.32,12.36,WT_02,WT,-1.883,-3.486,0
114.69,64.07,85.32,0.559,0.751,0.744,4.04,9.24,WT_02,WT,0.387,-2.750,1
127.87,62.77,89.85,0.491,0.699,0.703,2.61,10.71,WT_02,WT,-1.878,1.830,2
90.65,44.19,51.82,0.487,0.853,0.572,4.08,10.10,WT_02,WT,0.447,0.376,0
130.32,85.39,103.34,0.655,0.826,0.793,4.54,11.87,WT_02,WT,-2.129,-0.473,1
86.49,62.00,66.75,0.717,0.929,0.772,3.44,6.35,WT_02,WT,-2.452,-0.532,2
99.58,92.18,92.18,0.926,1.000,0.926,5.67,9.56,WT_02,WT,-1.105,-1.283,0
122.34,58.62,78.33,0.479,0.748,0.640,1.86,10.20,WT_02,WT,-4.071,-3.880,1
169.57,59.86,101.26,0.353,0.591,0.597,3.61,8.54,WT_02,WT,-1.997,1.036,2
102.31,89.23,101.64,0.872,0.878,0.993,3.60,7.35,WT_02,WT,-2.945,-2.831,0
124.86,73.74,110.21,0.591,0.669,0.883,5.17,7.20,WT_02,WT,-3.920,-0.966,1
109.82,54.84,68.03,0.499,0.806,0.619,3.13,11.77,WT_02,WT,-1.119,0.214,2
84.16,78.74,84.16,0.936,0.936,1.000,4.02,7.84,WT_02,WT,-3.489,-2.159,0
112.91,53.96,58.01,0.478,0.930,0.514,2.56,9.39,WT_02,WT,-3.277,-1.245,1
134.17,77.88,87.50,0.580,0.890,0.652,3.95,8.88,WT_02,WT,-3.044,0.673,2
114.71,107.80,114.71,0.940,0.940,1.000,3.61,10.26,WT_02,WT,-1.687,-3.234,0
78.19,75.82,75.82,0.970,1.000,0.970,1.14,9.37,WT_02,WT,-2.454,-2.247,1
125.83,79.74,80.20,0.634,0.994,0.637,5.17,9.68,WT_02,WT,-1.609,3.089,2
105.96,79.77,81.69,0.753,0.976,0.771,2.14,6.45,WT_02,WT,-2.190,-1.207,0
124.45,94.21,96.95,0.757,0.972,0.779,1.13,10.02,WT_02,WT,-4.202,-0.260,1
84.67,78.11,84.67,0.923,0.923,1.000,4.59,6.78,WT_02,WT,-1.737,3.057,2
125.20,49.25,79.23,0.393,0.622,0.633,0.53,9.76,WT_02,WT,-5.175,-0.404,0
160.86,54.06,116.89,0.336,0.463,0.727,4.47,6.48,WT_02,WT,-1.415,-1.239,1
106.19,67.01,81.42,0.631,0.823,0.767,3.24,8.14,WT_02,WT,-1.119,2.626,2
131.99,68.27,110.38,0.517,0.619,0.836,3.13,7.69,WT_02,WT,-3.204,-1.285,0
151.06,82.73,119.80,0.548,0.691,0.793,2.96,10.61,WT_02,WT,-2.345,-0.470,1
112.97,52.06,77.94,0.461,0.668,0.690,3.67,7.49,WT_02,WT,-2.760,0.677,2
145.05,75.97,90.30,0.524,0.841,0.623,3.92,9.61,WT_02,WT,-1.028,-1.907,0
128.65,63.45,103.87,0.493,0.611,0.807,2.31,10.65,WT_02,WT,-0.230,-2.203,1
145.07,65.40,97.44,0.451,0.671,0.672,2.44,12.20,WT_02,WT,-4.100,2.414,2
128.84,72.52,104.15,0.563,0.696,0.808,2.30,10.56,WT_02,WT,-2.104,-1.807,0
113.18,83.19,99.24,0.735,0.838,0.877,1.89,9.12,WT_02,WT,-3.721,-0.518,1
96.18,96.18,96.18,1.000,1.000,1.000,2.33,9.80,WT_02,WT,-1.421,2.188,2
85.38,85.38,85.38,1.000,1.000,1.000,0.50,9.12,WT_02,WT,-3.005,-1.535,0
107.05,107.05,107.05,1.000,1.000,1.000,2.37,8.26,WT_02,WT,-0.837,-5.015,1
126.40,70.56,107.97,0.558,0.654,0.854,4.10,11.41,WT_02,WT,-2.749,1.078,2
156.79,73.20,114.90,0.467,0.637,0.733,1.50,8.20,WT_02,WT,-3.792,-2.988,0
87.87,69.97,87.87,0.796,0.796,1.000,3.47,5.86,WT_02,WT,-4.685,-2.570,1
80.58,58.24,68.51,0.723,0.850,0.850,1.73,10.40,WT_02,WT,-3.514,0.771,2
158.31,60.19,119.54,0.380,0.504,0.755,4.63,10.61,WT_02,WT,-2.466,-1.682,0
89.04,79.32,85.58,0.891,0.927,0.961,3.12,9.56,WT_02,WT,-3.874,-4.416,1
59.37,59.37,59.37,1.000,1.000,1.000,2.90,9.10,WT_02,WT,-4.139,2.803,2
117.89,54.39,89.98,0.461,0.604,0.763,5.51,10.53,WT_02,WT,-3.852,-2.501,0
152.13,77.34,99.68,0.508,0.776,0.655,2.79,10.69,WT_02,WT,-4.561,-0.924,1
99.95,82.01,82.01,0.821,1.000,0.821,2.84,11.52,WT_02,WT,-1.957,1.066,2
127.35,65.80,109.76,0.517,0.599,0.862,4.01,6.99,WT_02,WT,-0.725,-0.227,0
131.22,68.90,104.49,0.525,0.659,0.796,1.19,9.23,WT_02,WT,-3.110,-2.355,1
115.34,86.43,112.18,0.749,0.770,0.973,4.01,9.24,WT_02,WT,-5.686,3.522,2
113.21,81.49,97.98,0.720,0.832,0.865,4.47,10.34,WT_02,WT,-2.042,-1.946,0
99.31,56.75,78.64,0.571,0.722,0.792,1.39,13.44,WT_02,WT,-1.593,-3.550,1
85.88,38.48,74.02,0.448,0.520,0.862,2.04,5.30,WT_02,WT,-0.150,1.982,2
78.83,78.83,78.83,1.000,1.000,1.000,3.24,11.51,WT_02,WT,-4.317,-1.597,0
111.64,77.64,86.41,0.695,0.898,0.774,3.28,9.15,WT_02,WT,0.234,-2.917,1
106.65,75.06,97.28,0.704,0.772,0.912,1.70,8.63,WT_02,WT,-3.046,1.812,2
125.80,60.57,93.16,0.481,0.650,0.741,1.03,8.02,WT_02,WT,-1.672,-0.786,0
133.29,68.03,95.57,0.510,0.712,0.717,5.04,8.52,WT_02,WT,-3.944,-1.142,1
122.57,93.62,109.37,0.764,0.856,0.892,2.41,7.25,WT_02,WT,-0.705,3.604,2
131.54,78.85,113.67,0.599,0.694,0.864,3.79,8.62,WT_02,WT,0.196,-2.036,0
127.53,65.49,91.17,0.513,0.718,0.715,3.07,5.72,WT_02,WT,-3.714,-1.925,1
116.90,60.72,77.00,0.519,0.789,0.659,4.49,8.54,WT_02,WT,0.181,1.012,2
89.73,61.45,75.78,0.685,0.811,0.844,3.00,9.72,WT_02,WT,-3.445,-2.203,0
139.94,52.15,92.00,0.373,0.567,0.657,2.39,6.19,WT_02,WT,-2.519,-0.057,1
72.15,65.58,72.15,0.909,0.909,1.000,2.10,9.49,WT_02,WT,-4.370,2.532,2
134.01,101.56,130.57,0.758,0.778,0.974,3.45,9.41,WT_02,WT,-2.138,-1.861,0
105.46,29.01,82.79,0.275,0.350,0.785,2.27,10.85,WT_02,WT,-0.611,0.608,1
74.98,58.19,65.63,0.776,0.887,0.875,0.87,8.37,WT_02,WT,-3.290,0.878,2
83.12,63.86,63.86,0.768,1.000,0.768,2.69,6.84,WT_02,WT,-1.635,-3.386,0
102.51,69.16,77.49,0.675,0.893,0.756,4.37,5.94,WT_02,WT,-2.977,-2.630,1
88.93,80.58,88.05,0.906,0.915,0.990,4.07,9.84,WT_02,WT,-0.486,-0.600,2
114.32,81.88,109.51,0.716,0.748,0.958,2.23,6.95,WT_02,WT,-0.177,-0.276,0
125.65,56.42,76.76,0.449,0.735,0.611,2.55,12.28,WT_02,WT,-1.491,-0.974,1
96.88,59.01,73.23,0.609,0.806,0.756,4.25,11.22,WT_02,WT,-3.695,1.822,2
100.91,75.38,100.91,0.747,0.747,1.000,2.71,9.46,WT_02,WT,-1.118,-1.147,0
146.58,75.13,114.47,0.513,0.656,0.781,3.66,8.86,WT_02,WT,-1.253,-1.853,1
145.02,86.56,116.59,0.597,0.742,0.804,0.60,8.49,WT_02,WT,-2.978,1.842,2
151.65,86.13,138.60,0.568,0.621,0.914,1.72,10.60,WT_02,WT,-3.008,-2.519,0
155.54,60.54,111.09,0.389,0.545,0.714,4.12,9.15,WT_02,WT,-4.281,-0.411,1
130.43,82.59,108.01,0.633,0.765,0.828,4.63,5.82,WT_02,WT,-3.427,3.352,2
111.68,68.84,85.56,0.616,0.805,0.766,1.66,9.78,WT_02,WT,-0.762,-1.556,0
88.30,62.35,84.60,0.706,0.737,0.958,1.85,10.92,WT_02,WT,-1.456,-1.276,1
129.04,78.11,99.13,0.605,0.788,0.768,0.78,7.62,WT_02,WT,-1.352,-0.336,2
92.89,66.60,78.09,0.717,0.853,0.841,2.70,6.24,WT_02,WT,-4.378,-1.970,0
107.79,47.78,79.86,0.443,0.598,0.741,1.51,9.69,WT_02,WT,-2.167,-1.493,1
110.51,72.91,99.70,0.660,0.731,0.902,3.30,9.31,WT_02,WT,-4.376,2.029,2
118.02,88.21,88.21,0.747,1.000,0.747,4.35,7.35,WT_02,WT,-4.782,-1.923,0
138.53,80.54,115.21,0.581,0.699,0.832,2.72,3.01,WT_02,WT,-2.783,0.023,1
122.85,64.15,80.27,0.522,0.799,0.653,2.70,8.50,WT_02,WT,0.224,1.709,2
107.21,77.91,90.68,0.727,0.859,0.846,3.54,10.33,WT_02,WT,-4.516,-1.149,0
143.47,74.27,94.44,0.518,0.786,0.658,2.87,9.07,WT_02,WT,-4.432,-1.398,1
106.04,53.50,59.78,0.505,0.895,0.564,2.23,11.83,WT_02,WT,-0.866,1.468,2
131.08,61.09,100.33,0.466,0.609,0.765,2.51,5.58,WT_02,WT,-2.977,-0.385,0
114.69,110.41,113.21,0.963,0.975,0.987,2.84,7.40,WT_02,WT,-4.864,-2.098,1
164.99,82.27,114.55,0.499,0.718,0.694,7.01,9.51,WT_02,WT,-3.091,0.857,2
89.43,89.43,89.43,1.000,1.000,1.000,2.26,10.45,WT_02,WT,-5.254,-1.119,0
123.17,75.66,87.67,0.614,0.863,0.712,1.84,7.58,WT_02,WT,-0.987,-1.041,1
142.57,86.31,128.23,0.605,0.673,0.899,4.56,13.37,WT_02,WT,-2.915,2.866,2
123.53,60.75,108.24,0.492,0.561,0.876,3.06,8.92,WT_02,WT,-2.657,-3.146,0
109.65,66.13,81.02,0.603,0.816,0.739,5.77,8.85,WT_02,WT,-3.232,-2.755,1
143.38,45.60,89.44,0.318,0.510,0.624,4.23,9.53,WT_02,WT,-0.079,2.684,2
122.85,96.77,112.28,0.788,0.862,0.914,6.71,9.58,WT_02,WT,-1.641,-2.379,0
110.24,80.94,103.49,0.734,0.782,0.939,2.89,8.53,WT_02,WT,-2.689,-0.527,1
117.06,47.51,79.80,0.406,0.595,0.682,2.49,10.36,WT_02,WT,-0.731,1.799,2
165.68,49.99,120.88,0.302,0.414,0.730,0.50,9.82,WT_02,WT,-1.518,-2.018,0
101.16,44.78,58.00,0.443,0.772,0.573,3.28,8.28,WT_02,WT,-3.776,-3.563,1
92.58,90.36,90.36,0.976,1.000,0.976,3.76,10.70,WT_02,WT,-0.245,0.613,2
147.10,53.59,82.67,0.364,0.648,0.562,2.45,7.59,WT_02,WT,-3.439,-2.544,0
88.26,46.39,65.17,0.526,0.712,0.738,0.78,8.65,WT_02,WT,-1.865,-1.534,1
179.51,75.71,134.97,0.422,0.561,0.752,2.65,9.12,WT_02,WT,-1.911,2.993,2
78.52,78.52,78.52,1.000,1.000,1.000,4.29,6.37,WT_02,WT,-4.231,-1.289,0
108.45,51.23,75.70,0.472,0.677,0.698,4.16,5.20,WT_02,WT,-0.389,-1.987,1
70.08,44.15,70.08,0.630,0.630,1.000,3.92,5.91,KO_01,KO,4.805,2.225,3
58.67,29.23,44.69,0.498,0.654,0.762,3.35,7.03,KO_01,KO,2.035,1.590,4
84.30,11.65,33.33,0.138,0.350,0.395,6.21,2.98,KO_01,KO,1.263,2.317,2
85.02,20.25,31.36,0.238,0.646,0.369,3.33,6.36,KO_01,KO,2.952,1.655,3
68.99,52.17,52.17,0.756,1.000,0.756,5.30,7.64,KO_01,KO,4.013,3.392,4
89.76,39.07,74.87,0.435,0.522,0.834,5.77,4.88,KO_01,KO,4.007,2.899,2
100.02,45.69,80.33,0.457,0.569,0.803,5.64,4.50,KO_01,KO,1.704,3.877,3
72.56,34.85,34.85,0.480,1.000,0.480,6.73,5.53,KO_01,KO,2.586,1.695,4
53.46,53.46,53.46,1.000,1.000,1.000,6.14,7.26,KO_01,KO,0.457,2.675,2
94.98,43.52,76.74,0.458,0.567,0.808,3.54,4.92,KO_01,KO,2.105,1.291,3
90.41,22.38,48.81,0.247,0.458,0.540,6.27,10.27,KO_01,KO,5.395,3.521,4
86.10,39.49,54.02,0.459,0.731,0.627,3.76,8.19,KO_01,KO,-0.772,-0.169,2
87.73,46.18,61.99,0.526,0.745,0.707,2.69,5.41,KO_01,KO,2.885,3.653,3
91.66,29.32,53.60,0.320,0.547,0.585,5.75,2.77,KO_01,KO,2.540,2.158,4
82.25,44.41,62.19,0.540,0.714,0.756,5.04,4.96,KO_01,KO,2.720,2.036,2
51.38,50.58,50.58,0.985,1.000,0.985,5.25,5.54,KO_01,KO,6.059,1.617,3
75.06,43.36,58.43,0.578,0.742,0.778,3.81,4.22,KO_01,KO,0.604,3.228,4
74.33,74.33,74.33,1.000,1.000,1.000,4.87,5.39,KO_01,KO,1.106,2.107,2
115.14,32.21,57.69,0.280,0.558,0.501,6.79,5.19,KO_01,KO,0.567,1.792,3
34.38,34.38,34.38,1.000,1.000,1.000,6.17,8.02,KO_01,KO,1.820,3.128,4
77.24,28.35,77.24,0.367,0.367,1.000,4.67,6.38,KO_01,KO,-1.049,2.709,2
107.84,59.77,74.08,0.554,0.807,0.687,6.16,9.50,KO_01,KO,0.306,1.178,3
95.70,43.73,72.85,0.457,0.600,0.761,2.43,3.48,KO_01,KO,3.760,2.868,4
76.81,67.98,67.98,0.885,1.000,0.885,5.98,8.31,KO_01,KO,2.640,-0.533,2
69.40,26.30,49.06,0.379,0.536,0.707,4.41,9.37,KO_01,KO,2.939,-0.956,3
63.38,39.81,55.25,0.628,0.721,0.872,4.86,7.24,KO_01,KO,1.177,2.693,4
98.19,44.05,74.53,0.449,0.591,0.759,5.24,4.85,KO_01,KO,3.004,0.338,2
67.20,28.80,56.57,0.429,0.509,0.842,5.09,3.55,KO_01,KO,3.679,1.960,3
73.46,45.46,61.37,0.619,0.741,0.835,5.50,6.49,KO_01,KO,0.709,2.298,4
72.37,3.74,40.99,0.052,0.091,0.566,5.66,4.57,KO_01,KO,0.947,2.193,2
115.16,38.55,89.80,0.335,0.429,0.780,5.01,9.19,KO_01,KO,3.209,1.009,3
102.15,81.99,98.52,0.803,0.832,0.964,1.54,1.78,KO_01,KO,4.654,1.501,4
105.58,13.29,53.68,0.126,0.248,0.508,4.04,8.45,KO_01,KO,2.940,1.279,2
99.52,40.94,53.72,0.411,0.762,0.540,3.56,7.95,KO_01,KO,1.334,2.800,3
143.79,37.33,98.15,0.260,0.380,0.683,4.90,7.55,KO_01,KO,-0.173,-1.189,4
74.32,40.34,65.08,0.543,0.620,0.876,6.20,3.24,KO_01,KO,3.062,1.811,2
81.23,24.63,37.11,0.303,0.664,0.457,4.91,4.95,KO_01,KO,1.797,4.109,3
98.07,44.40,76.68,0.453,0.579,0.782,5.65,5.24,KO_01,KO,3.001,2.202,4
90.43,69.31,90.43,0.766,0.766,1.000,6.33,7.38,KO_01,KO,3.061,2.074,2
37.45,36.18,37.45,0.966,0.966,1.000,4.70,7.06,KO_01,KO,1.899,2.268,3
76.34,14.24,60.31,0.187,0.236,0.790,3.17,9.69,KO_01,KO,1.374,3.863,4
91.26,50.97,65.35,0.558,0.780,0.716,5.31,4.83,KO_01,KO,1.299,3.079,2
93.76,58.61,80.97,0.625,0.724,0.864,4.16,3.31,KO_01,KO,3.411,0.274,3
51.91,51.91,51.91,1.000,1.000,1.000,2.60,7.48,KO_01,KO,2.423,0.502,4
61.63,43.39,61.63,0.704,0.704,1.000,5.96,5.17,KO_01,KO,-1.155,0.272,2
88.62,48.94,59.67,0.552,0.820,0.673,3.73,6.68,KO_01,KO,5.731,1.621,3
80.95,67.25,72.32,0.831,0.930,0.893,5.96,8.15,KO_01,KO,3.499,0.138,4
65.50,38.88,58.58,0.594,0.664,0.894,5.38,3.41,KO_01,KO,-0.484,2.266,2
63.31,51.58,51.58,0.815,1.000,0.815,4.70,6.33,KO_01,KO,3.447,3.675,3
93.14,38.10,60.20,0.409,0.633,0.646,5.98,4.07,KO_01,KO,0.691,3.814,4
69.25,38.43,69.25,0.555,0.555,1.000,5.47,4.46,KO_01,KO,2.389,1.397,2
112.75,28.41,61.56,0.252,0.462,0.546,4.92,6.26,KO_01,KO,-0.109,1.551,3
71.70,31.94,61.34,0.445,0.521,0.855,4.32,6.65,KO_01,KO,4.343,2.502,4
89.59,40.61,72.51,0.453,0.560,0.809,4.38,6.77,KO_01,KO,4.024,0.797,2
108.74,41.89,71.52,0.385,0.586,0.658,6.55,5.94,KO_01,KO,2.137,0.058,3
97.08,33.67,80.49,0.347,0.418,0.829,6.36,2.69,KO_01,KO,3.482,1.696,4
141.94,31.51,85.45,0.222,0.369,0.602,6.25,6.47,KO_01,KO,1.585,2.196,2
48.64,4.14,32.35,0.085,0.128,0.665,4.19,7.31,KO_01,KO,2.051,0.743,3
88.19,51.55,58.11,0.585,0.887,0.659,4.79,2.85,KO_01,KO,4.865,4.161,4
89.64,30.73,50.34,0.343,0.610,0.562,5.84,4.53,KO_01,KO,2.201,2.261,2
76.33,60.96,75.39,0.799,0.809,0.988,6.12,7.59,KO_01,KO,-0.235,2.125,3
115.98,22.30,71.29,0.192,0.313,0.615,5.30,6.64,KO_01,KO,3.230,1.568,4
51.66,51.66,51.66,1.000,1.000,1.000,3.42,7.12,KO_01,KO,2.733,2.300,2
64.69,32.46,51.44,0.502,0.631,0.795,6.54,3.50,KO_01,KO,4.019,1.079,3
76.08,56.19,69.01,0.739,0.814,0.907,3.84,7.77,KO_01,KO,6.173,0.965,4
126.53,46.99,79.72,0.371,0.589,0.630,4.27,3.15,KO_01,KO,3.266,1.838,2
74.36,74.36,74.36,1.000,1.000,1.000,5.74,7.38,KO_01,KO,3.886,3.275,3
102.85,34.16,69.38,0.332,0.492,0.675,7.67,6.24,KO_01,KO,1.477,2.979,4
80.75,45.50,65.83,0.563,0.691,0.815,4.37,5.88,KO_01,KO,0.010,3.709,2
99.33,0.00,58.14,0.000,0.000,0.585,5.57,6.87,KO_01,KO,2.759,0.445,3
73.25,48.16,73.25,0.658,0.658,1.000,5.70,8.02,KO_01,KO,2.286,0.268,4
86.57,42.89,67.92,0.495,0.631,0.785,5.94,3.94,KO_01,KO,0.751,4.406,2
60.32,59.21,59.21,0.982,1.000,0.982,5.22,6.25,KO_01,KO,0.553,0.752,3
112.49,55.07,85.05,0.490,0.648,0.756,6.59,9.67,KO_01,KO,3.168,3.423,4
84.69,44.80,51.54,0.529,0.869,0.609,2.49,5.65,KO_01,KO,2.139,2.440,2
124.44,41.79,101.92,0.336,0.410,0.819,6.50,5.99,KO_01,KO,3.013,3.454,3
89.73,46.13,74.59,0.514,0.618,0.831,5.98,6.44,KO_01,KO,0.273,1.909,4
64.63,53.59,60.77,0.829,0.882,0.940,6.33,5.14,KO_01,KO,0.357,2.864,2
71.81,51.33,56.19,0.715,0.914,0.782,4.66,7.20,KO_01,KO,4.842,0.342,3
80.31,32.25,61.43,0.402,0.525,0.765,5.05,10.83,KO_01,KO,2.154,1.132,4
56.64,43.00,56.64,0.759,0.759,1.000,7.29,4.75,KO_01,KO,1.795,1.939,2
86.34,37.03,52.14,0.429,0.710,0.604,5.13,7.92,KO_01,KO,4.016,0.390,3
73.40,45.38,58.39,0.618,0.777,0.795,4.03,1.67,KO_01,KO,5.246,1.842,4
68.03,47.06,62.78,0.692,0.750,0.923,5.64,5.27,KO_01,KO,-0.726,1.723,2
118.92,24.26,71.15,0.204,0.341,0.598,5.85,2.62,KO_01,KO,2.029,0.867,3
63.21,55.55,55.55,0.879,1.000,0.879,4.00,8.14,KO_01,KO,4.370,-0.293,4
90.76,55.54,79.17,0.612,0.702,0.872,4.85,7.63,KO_01,KO,4.001,3.640,2
66.23,29.31,44.65,0.443,0.657,0.674,7.32,5.63,KO_01,KO,4.192,1.503,3
103.87,38.35,82.36,0.369,0.466,0.793,3.07,8.13,KO_01,KO,2.913,0.357,4
58.89,11.89,49.44,0.202,0.241,0.839,4.82,6.20,KO_01,KO,2.861,1.813,2
80.15,31.39,53.91,0.392,0.582,0.673,5.02,4.75,KO_01,KO,3.138,-0.210,3
133.21,25.89,63.61,0.194,0.407,0.478,5.02,4.58,KO_01,KO,2.620,3.368,4
87.68,17.91,40.43,0.204,0.443,0.461,4.42,5.31,KO_01,KO,6.224,0.426,2
103.38,38.85,63.69,0.376,0.610,0.616,6.33,4.55,KO_01,KO,2.556,2.200,3
111.62,19.12,58.58,0.171,0.326,0.525,2.54,8.11,KO_01,KO,2.824,1.213,4
85.37,38.00,61.10,0.445,0.622,0.716,3.67,6.93,KO_01,KO,2.515,2.450,2
53.15,24.08,29.97,0.453,0.804,0.564,3.97,6.80,KO_01,KO,2.138,2.607,3
40.86,35.48,35.48,0.868,1.000,0.868,5.04,5.39,KO_01,KO,1.366,3.320,4
85.81,52.88,60.25,0.616,0.878,0.702,4.39,6.20,KO_01,KO,1.142,3.343,2
57.51,27.41,53.17,0.477,0.515,0.925,5.81,6.58,KO_01,KO,1.075,3.770,3
95.05,31.49,52.65,0.331,0.598,0.554,3.06,5.48,KO_02,KO,1.194,2.587,3
75.66,35.47,63.81,0.469,0.556,0.843,7.80,6.13,KO_02,KO,2.455,0.854,4
52.99,27.47,32.46,0.518,0.846,0.613,4.75,5.69,KO_02,KO,3.826,0.775,2
78.14,52.38,62.96,0.670,0.832,0.806,5.00,5.07,KO_02,KO,2.119,0.934,3
121.95,54.46,94.01,0.447,0.579,0.771,5.45,4.95,KO_02,KO,1.812,2.010,4
86.64,34.63,68.24,0.400,0.507,0.788,5.79,8.46,KO_02,KO,3.144,1.802,2
57.98,57.98,57.98,1.000,1.000,1.000,3.70,9.16,KO_02,KO,3.422,1.559,3
45.81,30.56,42.23,0.667,0.724,0.922,3.12,5.88,KO_02,KO,1.131,-0.711,4
68.25,44.33,48.94,0.650,0.906,0.717,4.65,5.74,KO_02,KO,2.063,2.896,2
85.06,14.93,48.60,0.175,0.307,0.571,4.90,3.40,KO_02,KO,4.754,0.876,3
78.62,23.73,58.63,0.302,0.405,0.746,4.36,5.29,KO_02,KO,1.722,1.936,4
73.03,41.83,54.98,0.573,0.761,0.753,6.02,5.58,KO_02,KO,3.026,3.335,2
54.49,52.24,52.24,0.959,1.000,0.959,5.36,4.87,KO_02,KO,4.027,2.957,3
94.50,43.12,50.69,0.456,0.851,0.536,3.72,7.29,KO_02,KO,2.818,1.535,4
98.45,48.84,73.60,0.496,0.664,0.748,4.72,4.24,KO_02,KO,3.099,2.097,2
95.14,36.33,53.35,0.382,0.681,0.561,4.25,6.02,KO_02,KO,2.002,0.596,3
57.04,25.28,55.64,0.443,0.454,0.975,6.07,6.66,KO_02,KO,4.776,1.416,4
114.58,45.76,86.48,0.399,0.529,0.755,4.66,5.95,KO_02,KO,2.675,-1.506,2
51.11,18.75,51.11,0.367,0.367,1.000,6.58,4.40,KO_02,KO,2.713,2.841,3
71.50,27.56,67.54,0.385,0.408,0.945,4.10,5.77,KO_02,KO,1.061,4.748,4
74.53,18.53,56.44,0.249,0.328,0.757,5.62,5.21,KO_02,KO,2.031,2.139,2
97.65,36.41,54.66,0.373,0.666,0.560,7.07,3.20,KO_02,KO,3.747,3.149,3
96.98,41.93,69.16,0.432,0.606,0.713,4.72,5.96,KO_02,KO,3.368,0.225,4
116.44,28.94,65.05,0.249,0.445,0.559,4.99,6.21,KO_02,KO,1.957,1.407,2
72.47,32.90,65.82,0.454,0.500,0.908,4.07,3.68,KO_02,KO,3.332,3.060,3
11.78,11.78,11.78,1.000,1.000,1.000,4.89,5.07,KO_02,KO,1.331,-2.812,4
47.93,47.93,47.93,1.000,1.000,1.000,3.27,6.17,KO_02,KO,1.576,0.383,2
102.84,22.58,75.42,0.220,0.299,0.733,4.84,2.48,KO_02,KO,3.739,1.157,3
27.37,17.24,25.40,0.630,0.679,0.928,4.95,3.21,KO_02,KO,3.509,-0.664,4
76.09,28.27,50.66,0.372,0.558,0.666,5.17,5.80,KO_02,KO,2.070,-0.297,2
141.85,22.90,81.60,0.161,0.281,0.575,5.15,4.53,KO_02,KO,3.691,2.163,3
84.41,42.41,82.69,0.502,0.513,0.980,4.27,3.30,KO_02,KO,3.502,-0.117,4
89.14,41.55,41.55,0.466,1.000,0.466,6.01,6.19,KO_02,KO,1.475,3.629,2
90.67,36.98,67.64,0.408,0.547,0.746,4.61,4.72,KO_02,KO,3.268,0.852,3
46.33,38.81,38.81,0.838,1.000,0.838,2.71,4.47,KO_02,KO,2.657,-0.260,4
73.50,23.87,45.66,0.325,0.523,0.621,3.65,7.61,KO_02,KO,2.527,2.531,2
117.94,44.80,88.05,0.380,0.509,0.747,6.30,6.10,KO_02,KO,1.550,2.506,3
62.45,43.28,62.45,0.693,0.693,1.000,5.75,5.34,KO_02,KO,2.849,1.137,4
97.74,49.31,80.68,0.505,0.611,0.825,4.12,5.80,KO_02,KO,1.886,3.881,2
84.08,16.52,57.92,0.196,0.285,0.689,5.05,7.34,KO_02,KO,1.554,3.320,3
40.19,25.09,25.09,0.624,1.000,0.624,5.16,5.13,KO_02,KO,2.509,2.940,4
89.55,40.17,70.86,0.449,0.567,0.791,4.88,8.69,KO_02,KO,1.659,1.404,2
94.80,31.01,60.45,0.327,0.513,0.638,4.25,6.06,KO_02,KO,3.553,1.261,3
71.29,49.13,51.97,0.689,0.945,0.729,7.89,5.27,KO_02,KO,0.943,3.108,4
171.51,11.41,106.11,0.067,0.107,0.619,7.04,4.60,KO_02,KO,-0.156,2.220,2
55.32,39.77,47.58,0.719,0.836,0.860,3.91,8.84,KO_02,KO,1.592,-1.928,3
61.16,55.23,57.20,0.903,0.966,0.935,5.48,7.68,KO_02,KO,2.631,1.653,4
60.28,36.01,53.26,0.597,0.676,0.884,5.62,8.82,KO_02,KO,0.951,1.090,2
58.89,41.87,58.89,0.711,0.711,1.000,4.56,5.72,KO_02,KO,3.084,1.359,3
97.37,54.89,58.31,0.564,0.941,0.599,5.58,4.99,KO_02,KO,1.687,0.573,4
72.62,56.51,69.24,0.778,0.816,0.953,2.78,4.88,KO_02,KO,3.293,2.196,2
88.11,51.90,67.86,0.589,0.765,0.770,7.35,5.62,KO_02,KO,2.242,2.208,3
98.92,49.58,69.36,0.501,0.715,0.701,2.99,5.91,KO_02,KO,-0.063,1.723,4
69.85,33.00,56.32,0.472,0.586,0.806,3.33,7.02,KO_02,KO,2.614,1.463,2
124.49,19.57,101.55,0.157,0.193,0.816,4.27,5.40,KO_02,KO,2.427,1.766,3
61.81,20.93,42.30,0.339,0.495,0.684,5.35,3.53,KO_02,KO,1.428,1.595,4
91.16,33.16,60.81,0.364,0.545,0.667,4.41,4.98,KO_02,KO,3.120,1.427,2
87.48,10.96,39.26,0.125,0.279,0.449,4.81,5.78,KO_02,KO,2.114,0.645,3
104.38,5.19,50.68,0.050,0.102,0.486,5.65,5.48,KO_02,KO,1.898,1.823,4
51.33,39.20,47.62,0.764,0.823,0.928,6.05,9.08,KO_02,KO,4.447,3.123,2
72.08,52.99,64.99,0.735,0.815,0.902,1.60,7.12,KO_02,KO,3.499,1.084,3
113.18,49.28,67.80,0.435,0.727,0.599,4.85,4.85,KO_02,KO,2.071,0.865,4
47.81,22.01,43.07,0.460,0.511,0.901,2.92,5.42,KO_02,KO,1.515,-0.151,2
90.01,59.77,75.25,0.664,0.794,0.836,3.67,4.40,KO_02,KO,1.600,1.627,3
89.44,44.68,76.84,0.500,0.581,0.859,6.03,5.96,KO_02,KO,0.344,2.664,4
67.47,62.67,62.67,0.929,1.000,0.929,6.81,7.94,KO_02,KO,1.375,1.867,2
89.55,60.36,89.55,0.674,0.674,1.000,3.26,8.13,KO_02,KO,1.730,3.437,3
46.92,46.92,46.92,1.000,1.000,1.000,4.14,6.59,KO_02,KO,3.012,2.034,4
96.45,42.99,68.86,0.446,0.624,0.714,5.83,3.71,KO_02,KO,1.329,1.932,2
118.52,13.73,72.10,0.116,0.190,0.608,4.57,6.29,KO_02,KO,0.579,2.555,3
37.39,37.39,37.39,1.000,1.000,1.000,4.61,6.29,KO_02,KO,2.094,-0.282,4
109.41,15.68,61.70,0.143,0.254,0.564,5.52,5.52,KO_02,KO,1.384,0.269,2
53.78,31.83,45.76,0.592,0.696,0.851,3.73,1.00,KO_02,KO,2.756,0.428,3
79.55,14.18,60.89,0.178,0.233,0.765,5.78,8.34,KO_02,KO,1.286,1.787,4
80.14,48.71,67.78,0.608,0.719,0.846,6.30,4.06,KO_02,KO,2.963,3.752,2
57.99,31.18,57.99,0.538,0.538,1.000,5.47,3.44,KO_02,KO,1.426,1.352,3
114.35,28.17,77.43,0.246,0.364,0.677,5.16,3.58,KO_02,KO,2.603,2.673,4
118.60,41.44,96.85,0.349,0.428,0.817,6.15,7.22,KO_02,KO,-1.221,0.554,2
72.14,29.80,59.07,0.413,0.505,0.819,5.19,8.10,KO_02,KO,0.363,0.559,3
114.60,29.18,57.49,0.255,0.508,0.502,5.83,1.00,KO_02,KO,2.436,2.787,4
83.61,18.35,50.69,0.220,0.362,0.606,4.79,8.98,KO_02,KO,1.262,-0.313,2
67.90,55.67,67.90,0.820,0.820,1.000,5.54,8.24,KO_02,KO,1.988,0.085,3
77.85,25.31,73.99,0.325,0.342,0.950,4.57,7.53,KO_02,KO,1.614,0.694,4
104.85,7.63,57.18,0.073,0.133,0.545,4.91,5.69,KO_02,KO,1.351,3.085,2
41.15,41.15,41.15,1.000,1.000,1.000,5.45,9.47,KO_02,KO,2.804,3.937,3
87.45,40.69,46.41,0.465,0.877,0.531,4.79,6.51,KO_02,KO,2.534,0.494,4
86.40,17.34,45.29,0.201,0.383,0.524,3.77,4.21,KO_02,KO,5.248,2.345,2
75.78,27.84,48.63,0.367,0.572,0.642,5.41,6.28,KO_02,KO,1.404,0.888,3
106.98,47.29,75.28,0.442,0.628,0.704,3.11,6.74,KO_02,KO,3.330,1.748,4
128.88,15.12,74.38,0.117,0.203,0.577,5.73,4.01,KO_02,KO,1.813,3.768,2
40.32,40.32,40.32,1.000,1.000,1.000,4.91,8.56,KO_02,KO,3.067,1.726,3
59.83,37.41,54.03,0.625,0.692,0.903,4.53,5.53,KO_02,KO,2.818,0.779,4
110.10,44.51,92.77,0.404,0.480,0.843,5.05,9.53,KO_02,KO,4.645,1.343,2
26.24,13.31,24.67,0.507,0.540,0.940,5.77,8.61,KO_02,KO,3.161,1.887,3
81.56,37.69,68.54,0.462,0.550,0.840,5.11,8.34,KO_02,KO,3.174,1.606,4
69.07,45.26,61.34,0.655,0.738,0.888,3.64,8.15,KO_02,KO,2.671,3.719,2
80.72,46.55,71.11,0.577,0.655,0.881,4.55,5.60,KO_02,KO,0.078,1.447,3
93.79,47.36,93.79,0.505,0.505,1.000,6.37,4.15,KO_02,KO,-0.068,1.812,4
103.94,21.95,63.74,0.211,0.344,0.613,5.05,6.83,KO_02,KO,0.943,3.081,2
60.26,59.24,60.26,0.983,0.983,1.000,2.67,2.02,KO_02,KO,2.072,-0.939,3